标题,中文标题,发布日期,领域分类,研究机构,PDF链接,论文链接,arXiv ID,简明摘要
MV-RAG: Retrieval Augmented Multiview Diffusion,MV-RAG：检索增强的多视角扩散,22 Aug 2025,Diffusion Model,Other,http://arxiv.org/pdf/2508.16577v1,http://arxiv.org/abs/2508.16577v1,2508.16577v1,本文提出了MV-RAG，一种结合图像检索与多视角扩散模型的文本生成三维内容新方法。该方法通过从大规模真实图像库中检索相关图片，辅助生成更准确且视角一致的三维模型，特别提升了对罕见或领域外概念的表现。通过创新的训练策略，模型能够从二维图像中学习三维一致性。实验结果表明，MV-RAG在三维一致性、真实感及文本匹配度方面优于现有主流方法，同时在标准测试集上保持竞争力，展示了其在文本驱动三维生成领域的显著优势。
Hierarchical Decision-Making for Autonomous Navigation: Integrating Deep Reinforcement Learning and Fuzzy Logic in Four-Wheel Independent Steering and Driving Systems,层次化决策方法用于自主导航：在四轮独立转向驱动系统中融合深度强化学习与模糊逻辑,22 Aug 2025,Agent,Other,http://arxiv.org/pdf/2508.16574v1,http://arxiv.org/abs/2508.16574v1,2508.16574v1,本文提出了一种层次化决策框架，用于四轮独立转向驱动系统的自主导航。该方法结合深度强化学习实现高层路径规划，利用模糊逻辑进行低层控制，以保证导航任务的有效性和机械系统的安全性。仿真结果表明，该框架在训练效率、稳定性和行为表现上优于传统方法，实地测试也验证了其在复杂工业环境中的可靠性和实用性。该研究为四轮独立驱动移动机器人在现实场景中的应用提供了可扩展且稳健的解决方案。
LLM-Based Agents for Competitive Landscape Mapping in Drug Asset Due Diligence,基于大语言模型的智能体在药物资产尽职调查中的竞争格局映射,22 Aug 2025,Agent,Other,http://arxiv.org/pdf/2508.16571v1,http://arxiv.org/abs/2508.16571v1,2508.16571v1,本文提出了一种基于大语言模型的智能代理系统，用于快速识别药物资产尽职调查中的竞争药物。该系统能够从复杂且分散的数据中提取竞争药物及其标准化属性，显著提升了竞争对手发现的准确率（83%召回率），优于现有主流工具。通过构建专门的评估数据集和引入验证机制，有效减少了误报。实际应用于生物科技风险投资基金后，分析时间从2.5天缩短至约3小时，显著提升了工作效率，展示了该方法在药物投资决策中的实用价值。
Sparse but Wrong: Incorrect L0 Leads to Incorrect Features in Sparse Autoencoders,稀疏但错误：不正确的L0导致稀疏自编码器中错误的特征,22 Aug 2025,LLM,Other,http://arxiv.org/pdf/2508.16560v1,http://arxiv.org/abs/2508.16560v1,2508.16560v1,本文研究了稀疏自编码器（SAE）中关键超参数L0对特征学习的影响。作者发现，若L0设置不准确，SAE无法正确捕捉底层特征：L0过低时会混合相关特征以提升重构效果，L0过高则导致退化解，同样混合了特征。论文提出了一种确定合适L0值的方法，在模拟模型和大型语言模型中均验证了其有效性。结果表明，常用SAE往往L0偏低，强调了准确设定L0对获得正确特征的重要性，为稀疏自编码器的训练提供了指导。
Enhanced NIRMAL Optimizer With Damped Nesterov Acceleration: A Comparative Analysis,增强的NIRMAL优化器及阻尼Nesterov加速的比较分析,22 Aug 2025,Other,Other,http://arxiv.org/pdf/2508.16550v1,http://arxiv.org/abs/2508.16550v1,2508.16550v1,本文提出了一种改进的优化算法——增强型NIRMAL，结合了阻尼的Nesterov加速机制，以提升训练过程的稳定性。通过在多个图像分类基准数据集上的实验，增强型NIRMAL在复杂任务如CIFAR-100上表现出更优的泛化能力和更低的测试损失，优于原始NIRMAL并接近传统的带动量的随机梯度下降方法。研究结果表明，该优化器在保持高效学习的同时，增强了模型训练的稳定性和准确性，具有较强的应用潜力。
RL Is Neither a Panacea Nor a Mirage: Understanding Supervised vs. Reinforcement Learning Fine-Tuning for LLMs,强化学习既非灵丹妙药亦非幻影：理解大语言模型的监督学习与强化学习微调,22 Aug 2025,LLM,Other,http://arxiv.org/pdf/2508.16546v1,http://arxiv.org/abs/2508.16546v1,2508.16546v1,本文通过分析监督微调（SFT）与强化学习微调（RL-FT）对大型语言模型的影响，揭示了两者在模型表现和泛化能力上的差异。研究发现，RL-FT能够部分恢复SFT导致的性能下降，但在严重过拟合情况下效果有限。模型表现的变化主要体现在特定方向上的调整，且通过针对关键方向和浅层结构的低成本修复方法即可显著提升泛化能力。该工作为理解和优化微调策略提供了新的视角，帮助在资源有限情况下更有效地提升模型性能。
Explainable AI in Deep Learning-Based Prediction of Solar Storms,基于深度学习的太阳风暴预测中的可解释人工智能,22 Aug 2025,AI4Science,Other,http://arxiv.org/pdf/2508.16543v1,http://arxiv.org/abs/2508.16543v1,2508.16543v1,本文提出了一种基于深度学习的太阳风暴预测模型的可解释方法，针对太阳耀斑及相关的日冕物质抛射事件。该模型利用长短期记忆网络捕捉太阳活跃区的时间序列特征，并通过注意力机制提升预测准确性。为解决深度学习模型的“黑箱”问题，作者采用后置无关解释技术，揭示影响预测结果的关键因素，增强模型的透明度和可信度。该研究首次实现了对LSTM太阳风暴预测模型的解释，为相关领域提供了更具解释性和实用性的预测工具。
Towards Open World Detection: A Survey,迈向开放世界检测：一项综述,22 Aug 2025,Other,Other,http://arxiv.org/pdf/2508.16527v1,http://arxiv.org/abs/2508.16527v1,2508.16527v1,本文综述了计算机视觉领域中不断发展的检测任务，提出了“开放世界检测”（OWD）这一统一概念，涵盖了不依赖特定类别、适用于多种场景的检测模型。文章回顾了视觉感知的历史与关键技术，涵盖了从早期显著性检测到开放世界对象检测、零样本检测及视觉大语言模型的发展，分析了这些子领域的交叉与融合趋势。该综述为理解和推动视觉感知技术的整合与进步提供了系统性框架和参考。
Constraints-Guided Diffusion Reasoner for Neuro-Symbolic Learning,基于约束引导的扩散推理器用于神经符号学习,22 Aug 2025,Diffusion Model,Other,http://arxiv.org/pdf/2508.16524v1,http://arxiv.org/abs/2508.16524v1,2508.16524v1,本文提出了一种基于扩散模型的神经符号学习方法，旨在使神经网络能够有效学习复杂的逻辑约束并进行符号推理。该方法采用两阶段训练，先培养基础推理能力，再通过强化学习策略加强逻辑约束的系统学习。通过将推理过程建模为马尔可夫决策过程，并利用规则驱动的奖励信号优化网络，显著提升了神经网络在数独、迷宫、路径规划和偏好学习等经典符号推理任务中的准确性和逻辑一致性，展示了其在神经符号融合领域的潜力。
Guiding Diffusion Models with Reinforcement Learning for Stable Molecule Generation,利用强化学习引导扩散模型实现稳定的分子生成,22 Aug 2025,AI4Science,Other,http://arxiv.org/pdf/2508.16521v1,http://arxiv.org/abs/2508.16521v1,2508.16521v1,本文提出了一种结合物理反馈的强化学习框架（RLPF），用于提升基于扩散模型的三维分子结构生成质量。该方法通过引入基于力场的奖励函数，指导模型生成符合物理稳定性和能量平衡的分子构型。实验证明，RLPF在多个分子数据集上显著提高了生成分子的稳定性和物理合理性，展示了将物理知识融入生成模型的有效性和潜力。
Comparative Analysis of UAV Path Planning Algorithms for Efficient Navigation in Urban 3D Environments,面向城市三维环境高效导航的无人机路径规划算法比较分析,22 Aug 2025,Agent,Other,http://arxiv.org/pdf/2508.16515v1,http://arxiv.org/abs/2508.16515v1,2508.16515v1,本文针对无人机在复杂城市三维环境中的路径规划问题，比较分析了三种常用算法：A*、RRT*和粒子群优化（PSO）。通过设计多组实验，考察了不同城市规模、高度及障碍物密度对算法表现的影响。结果表明，A*算法在计算效率和路径质量方面表现最佳，PSO适合处理狭窄转弯和高密度障碍环境，RRT*则以其随机性在各种场景中表现均衡。该研究为无人机在复杂城市环境中选择合适路径规划算法提供了实用参考。
FLAMES: Improving LLM Math Reasoning via a Fine-Grained Analysis of the Data Synthesis Pipeline,FLAMES：通过对数据合成流程的细粒度分析提升大语言模型数学推理能力,22 Aug 2025,LLM,Other,http://arxiv.org/pdf/2508.16514v1,http://arxiv.org/abs/2508.16514v1,2508.16514v1,本文提出了FLAMES框架，系统分析了现有10种合成数学数据生成策略及其关键因素对大语言模型数学推理能力的影响。研究发现，增加题目难度和保持题目多样性对提升模型表现尤为重要。此外，基于GSM8K和MATH的数据能有效促进模型在竞赛级别任务上的泛化能力。基于这些洞见，作者设计了两种新策略以增强模型的鲁棒性和跨领域表现，并构建了FLAMES数据集，在多个基准测试中显著优于现有公开数据集。最终，利用该数据集微调的模型在MATH测试中取得了超越更大规模模型的优异成绩，展示了方法的实用价值。
On Kinodynamic Global Planning in a Simplicial Complex Environment: A Mixed Integer Approach,基于单纯复形环境中的运动动力学全局规划：一种混合整数方法,22 Aug 2025,Agent,Other,http://arxiv.org/pdf/2508.16511v1,http://arxiv.org/abs/2508.16511v1,2508.16511v1,本文提出了一种针对类车车辆的运动规划方法，通过优化空间路径及控制序列，实现从初始状态到目标状态的最短时间轨迹规划。该方法有效避免局部最优问题，适用于复杂三维环境的地形表示。通过将问题转化为混合整数线性规划，显著提升计算效率。仿真结果表明，该方法在保证约束条件的前提下，计算速度比现有主流规划器快约104倍，展示了其在复杂环境中高效且可靠的运动规划能力。
ML-PWS: Estimating the Mutual Information Between Experimental Time Series Using Neural Networks,ML-PWS：利用神经网络估计实验时间序列之间的互信息,22 Aug 2025,AI4Science,Other,http://arxiv.org/pdf/2508.16509v1,http://arxiv.org/abs/2508.16509v1,2508.16509v1,本文提出了一种结合机器学习与路径权重采样（PWS）的方法（ML-PWS），用于从实验时间序列数据中准确估计信息传输速率。传统PWS方法虽能精确计算信息率，但依赖系统的数学模型，限制了其应用范围。ML-PWS通过机器学习构建生成模型，克服了这一限制，实现了无模型条件下的信息率计算。作者通过非线性模型生成的合成数据验证了该方法的准确性，并展示了其在神经元时间序列分析中的应用潜力，推动了复杂系统信息传输研究的发展。
Terrain Classification for the Spot Quadrupedal Mobile Robot Using Only Proprioceptive Sensing,仅使用本体感知传感器的Spot四足移动机器人地形分类,22 Aug 2025,Embodied AI,Other,http://arxiv.org/pdf/2508.16504v1,http://arxiv.org/abs/2508.16504v1,2508.16504v1,本文提出了一种基于机器人自身传感数据的地形分类方法，专为波士顿动力Spot四足机器人设计。通过分析机器人腿部运动和受力等内部信号，结合数据降维和分类技术，系统能够高效识别不同地形类型。实地测试表明，该方法在区分三种地形时准确率达约97%。该研究为四足机器人在复杂环境中安全导航提供了有效支持，提升了其适应多样地形的能力。
On Zero-Shot Reinforcement Learning,关于零样本强化学习,22 Aug 2025,Agent,Other,http://arxiv.org/pdf/2508.16496v1,http://arxiv.org/abs/2508.16496v1,2508.16496v1,本文探讨了零样本强化学习在现实环境中的挑战，重点分析了训练环境与实际应用环境之间的差异。作者指出，现实数据质量有限、观测信息不完整且数据获取受限，给零样本学习带来显著困难。针对这些问题，论文提出了一系列新方法，并通过实验证明了现有方法的不足及改进效果。该研究为实现能够直接应用于复杂真实场景的强化学习系统提供了重要思路和技术支持。
Post Hoc Regression Refinement via Pairwise Rankings,基于成对排序的事后回归精炼方法,22 Aug 2025,AI4Science,Other,http://arxiv.org/pdf/2508.16495v1,http://arxiv.org/abs/2508.16495v1,2508.16495v1,本文提出了一种名为RankRefine的后处理方法，用于提升连续属性预测的准确性，特别适用于数据稀缺的场景。该方法无需重新训练模型，通过结合基模型的预测结果与基于专家提供的成对排序信息的估计，显著降低预测误差。在分子性质预测任务中，RankRefine利用少量排序数据即可实现约10%的误差减少，且排序信息可由通用大语言模型生成。该方法简便实用，适用于多领域回归问题，尤其在标签有限时表现突出。
HAMSA: Hijacking Aligned Compact Models via Stealthy Automation,HAMSA：通过隐秘自动化劫持对齐紧凑模型,22 Aug 2025,LLM,Other,http://arxiv.org/pdf/2508.16484v1,http://arxiv.org/abs/2508.16484v1,2508.16484v1,本文提出了一种自动化攻击框架，用于生成隐蔽且语义合理的“越狱”提示，绕过针对紧凑型大语言模型的安全防护。该方法通过多阶段进化搜索，结合种群策略和温度控制，有效平衡了探索新提示和保持语言流畅性，提升了攻击的隐蔽性和自然度。实验在英文和新构建的阿拉伯语数据集上验证了方法的有效性，支持多语言环境下对模型安全性的评估。该研究揭示了紧凑型语言模型在安全对齐方面的潜在风险，推动了更健壮防护机制的发展。
Benchmarking the Robustness of Agentic Systems to Adversarially-Induced Harms,基于基准测试评估Agentic系统对对抗性诱导危害的鲁棒性,22 Aug 2025,Agent,Other,http://arxiv.org/pdf/2508.16481v1,http://arxiv.org/abs/2508.16481v1,2508.16481v1,本文提出了一个针对基于大语言模型的自主系统安全性的评估基准——BAD-ACTS，涵盖多种恶意行为类型和应用场景。通过该基准，作者系统地分析了当系统中某个代理被攻击者控制时，攻击者如何操纵其他代理执行有害操作。实验结果表明，单个恶意代理即可显著威胁系统安全，且常用的简单防御手段效果有限。论文还提出了一种基于消息监控的更有效防御策略。该研究为自主系统的安全性测试和防护提供了重要工具和参考。
Disentangled Multi-modal Learning of Histology and Transcriptomics for Cancer Characterization,用于癌症特征表征的组织学与转录组学的解耦多模态学习,22 Aug 2025,AI4Science,Other,http://arxiv.org/pdf/2508.16479v1,http://arxiv.org/abs/2508.16479v1,2508.16479v1,本文提出了一种新的多模态学习框架，结合病理图像和基因表达数据，用于癌症的诊断和预后分析。该方法通过解耦肿瘤与微环境信息，减少数据异质性；引入多尺度一致性策略，增强不同放大倍数下的信息整合；采用知识蒸馏技术，实现仅依赖病理图像的预测，降低对配对数据的需求；并设计高效的信息聚合模块，提高推理速度。实验结果表明，该方法在癌症表征任务中优于现有技术，具备较强的临床应用潜力。
"LLM-as-classifier: Semi-Supervised, Iterative Framework for Hierarchical Text Classification using Large Language Models",LLM作为分类器：利用大语言模型进行分层文本分类的半监督迭代框架,22 Aug 2025,LLM,Other,http://arxiv.org/pdf/2508.16478v1,http://arxiv.org/abs/2508.16478v1,2508.16478v1,本文提出了一种基于大型语言模型的半监督、迭代式框架，用于构建层级文本分类器。该方法充分利用了语言模型的零样本和少样本能力，通过结合人工参与的多轮优化，实现了领域知识引入、提示词改进和分类层级扩展。论文还提出了评估和缓解模型偏差的策略，并设计了持续监控与适应的流程。该框架有效解决了传统微调资源消耗大、难以应对动态数据分布的问题，为工业环境中的文本分类提供了准确、可解释且易维护的解决方案。
HOSt3R: Keypoint-free Hand-Object 3D Reconstruction from RGB images,HOSt3R：基于RGB图像的无关键点手-物体三维重建,22 Aug 2025,Embodied AI,Other,http://arxiv.org/pdf/2508.16465v1,http://arxiv.org/abs/2508.16465v1,2508.16465v1,本文提出了一种名为HOSt3R的无关键点检测的手-物体三维重建方法，能够从单目RGB视频中鲁棒地估计手与物体的三维变换，并结合多视角重建准确恢复三维形状。该方法无需预先扫描物体模板或依赖相机参数，克服了传统基于关键点检测方法在处理复杂物体形状、纹理弱和遮挡时的局限性。实验结果表明，HOSt3R在多个公开数据集上表现优异，具备较强的泛化能力，适用于人机交互和增强现实等应用场景。
Modular Embedding Recomposition for Incremental Learning,用于增量学习的模块化嵌入重组,22 Aug 2025,Multimodal LLM,Other,http://arxiv.org/pdf/2508.16463v1,http://arxiv.org/abs/2508.16463v1,2508.16463v1,本文提出了一种名为MoDER的增量学习方法，旨在提升预训练视觉-语言模型（VLM）的零样本分类能力。与传统方法侧重于保持模型已有能力不同，MoDER通过训练多个针对已见类别的文本专家模块，并在推理时组合这些模块生成更精准的未见类别原型，从而增强模型对新类别的识别效果。该方法在多个增量学习任务和数据集上验证了其有效性，展示了在实际应用中提升模型适应性的潜力。代码已公开以促进后续研究。
Swarming Without an Anchor (SWA): Robot Swarms Adapt Better to Localization Dropouts Then a Single Robot,无锚群集（SWA）：机器人群体在定位丢失情况下的更优适应性,22 Aug 2025,Agent,Other,http://arxiv.org/pdf/2508.16460v1,http://arxiv.org/abs/2508.16460v1,2508.16460v1,本文提出了一种名为“无锚点群体协同”（SWA）的无人机群体状态估计方法，旨在应对单个无人机定位信息丢失的问题。该方法通过融合去中心化的状态估计、相互感知和机载传感器数据，实现无人机在缺失定位时依靠相对信息保持稳定飞行。实验和仿真结果表明，SWA能有效维持无人机群体的协调运动，显著提升群体系统在定位不可靠环境下的鲁棒性和适应能力，促进多无人机协同任务的可靠执行。
GPL-SLAM: A Laser SLAM Framework with Gaussian Process Based Extended Landmarks,GPL-SLAM：基于高斯过程扩展地标的激光SLAM框架,22 Aug 2025,Embodied AI,Other,http://arxiv.org/pdf/2508.16459v1,http://arxiv.org/abs/2508.16459v1,2508.16459v1,本文提出了一种基于高斯过程的激光SLAM框架，通过对环境中的物体轮廓进行建模，实现了更精细且语义丰富的地图构建。该方法采用递归更新策略，提升了内存效率，并在贝叶斯框架下同时估计机器人位置和物体地图。相比传统网格或点云方法，所建地图不仅包含物体数量和面积信息，还能提供形状置信度，有助于安全导航和环境探索。实验结果表明，该方法在多种环境中具备良好的定位和建图性能。
A Probabilistic Inference Scaling Theory for LLM Self-Correction,大语言模型自我纠正的概率推理尺度理论,22 Aug 2025,LLM,Other,http://arxiv.org/pdf/2508.16456v1,http://arxiv.org/abs/2508.16456v1,2508.16456v1,本文提出了一种概率推断理论，系统解释了大型语言模型在多轮自我纠正过程中准确率提升的机制。理论通过数学推导给出准确率随纠正轮次变化的公式，能够仅凭一次自我纠正的数据预测后续表现。大量实验证明该理论预测结果与实际表现高度一致，验证了其有效性。该研究为理解和优化语言模型的自我纠正能力提供了坚实的理论基础，促进了相关领域的深入发展。
Beyond Interpretability: Exploring the Comprehensibility of Adaptive Video Streaming through Large Language Models,超越可解释性：通过大语言模型探索自适应视频流的可理解性,22 Aug 2025,LLM,THU,http://arxiv.org/pdf/2508.16448v1,http://arxiv.org/abs/2508.16448v1,2508.16448v1,本文提出了ComTree框架，针对自适应视频流中的比特率调整算法，首次将开发者的理解难易度纳入考量。该框架通过生成满足性能要求的决策树集合，并利用大型语言模型评估其易懂性，从而选出最便于人类理解和优化的方案。实验结果表明，ComTree在保持算法性能的同时，大幅提升了开发者的理解度，推动了视频流技术的可解释性向更实用的“可理解性”迈进。相关代码已开源。
Boardwalk: Towards a Framework for Creating Board Games with LLMs,Boardwalk：面向利用大语言模型创建桌面游戏的框架,22 Aug 2025,LLM,Other,http://arxiv.org/pdf/2508.16447v1,http://arxiv.org/abs/2508.16447v1,2508.16447v1,本文探讨了利用大型语言模型（LLMs）根据自然语言规则自动生成数字版棋盘游戏代码的可行性。通过让三种先进的LLM实现12款不同类型的游戏，并在自研的通用游戏接口Boardwalk中测试，研究评估了模型的成功率和常见错误。结果显示，最佳模型能够无误实现超过半数游戏，表明该方法具有较大潜力。论文总结了当前挑战及不同模型表现差异，提出了构建辅助快速开发棋盘游戏框架的未来方向，旨在简化游戏开发流程。
Integrated Noise and Safety Management in UAM via A Unified Reinforcement Learning Framework,通过统一强化学习框架实现城市空中交通中的噪声与安全综合管理,22 Aug 2025,Agent,Other,http://arxiv.org/pdf/2508.16440v1,http://arxiv.org/abs/2508.16440v1,2508.16440v1,本文提出了一种基于强化学习的城市空中交通管理系统，首次将噪声控制与安全间隔管理融合于统一框架中。该系统通过多层次空域结构，使无人机自主调整飞行高度，有效平衡噪声影响与飞行安全。实验结果表明，该方法在高密度交通环境下兼顾了噪声减弱、安全保障和能效优化，展示了多目标协调策略在提升城市空中出行安全性和舒适性方面的应用潜力。
PediatricsMQA: a Multi-modal Pediatrics Question Answering Benchmark,PediatricsMQA：一个多模态儿科问答基准,22 Aug 2025,Multimodal LLM,Other,http://arxiv.org/pdf/2508.16439v1,http://arxiv.org/abs/2508.16439v1,2508.16439v1,本文提出了PediatricsMQA，一个涵盖文本和图像的多模态儿科问答基准，包含3417个文本选择题和2067个基于634张儿科影像的视觉选择题，覆盖从胎儿期到青少年的多个发育阶段。研究发现现有大型语言模型和视觉语言模型在儿科相关任务中表现显著下降，尤其是针对年龄较小患者，反映出模型存在年龄偏差。该基准有助于推动开发更加公平、年龄敏感的AI系统，提升儿科医疗中的智能辅助能力。
OPERA: A Reinforcement Learning--Enhanced Orchestrated Planner-Executor Architecture for Reasoning-Oriented Multi-Hop Retrieval,OPERA：一种基于强化学习增强的编排式规划-执行架构，用于面向推理的多跳检索,22 Aug 2025,Agent,Other,http://arxiv.org/pdf/2508.16438v1,http://arxiv.org/abs/2508.16438v1,2508.16438v1,本文提出了OPERA，一种结合强化学习的多步推理检索框架，旨在解决现有方法在复杂多跳检索任务中规划不准确、检索效果差及信息过滤不足的问题。OPERA通过将问题分解为子目标，并由专门模块执行推理与检索，实现了推理与检索的紧密结合。为此，作者设计了新的训练算法MAPGRPO，提升模型的策略优化能力。实验结果表明，OPERA在复杂多跳检索任务中表现优异，验证了其设计和训练方法的有效性。
"Cetvel: A Unified Benchmark for Evaluating Language Understanding, Generation and Cultural Capacity of LLMs for Turkish",Cetvel：用于评估土耳其语大语言模型语言理解、生成及文化能力的统一基准,22 Aug 2025,LLM,Other,http://arxiv.org/pdf/2508.16431v1,http://arxiv.org/abs/2508.16431v1,2508.16431v1,本文提出了Cetvel，一个面向土耳其语的大型语言模型综合评测基准，涵盖23个多样化任务，结合语言理解、生成及文化相关内容，弥补了现有基准在任务多样性和文化贴合度上的不足。通过对33个不同模型的评测，发现多语言或通用模型表现优于专门针对土耳其语调优的模型，且语法纠错和抽取式问答任务对模型能力区分效果显著。Cetvel为土耳其语大型模型的发展和评估提供了系统且文化相关的工具。
Decoding MGMT Methylation: A Step Towards Precision Medicine in Glioblastoma,解码MGMT甲基化：向胶质母细胞瘤精准医疗迈进的一步,22 Aug 2025,AI4Science,Other,http://arxiv.org/pdf/2508.16424v1,http://arxiv.org/abs/2508.16424v1,2508.16424v1,本文提出了一种名为CAMP的新方法，用于通过MRI影像非侵入性预测胶质母细胞瘤患者中MGMT基因的甲基化状态，这一状态对治疗效果具有重要指导意义。该方法通过两阶段处理，首先生成高质量的合成MRI切片，保留肿瘤及脑组织细节；其次利用自适应稀疏约束的神经网络进行准确预测。实验结果显示，CAMP在准确率、特异性和敏感性方面显著优于现有技术，展示了其在辅助精准医疗和个性化治疗中的潜力。
Double Check My Desired Return: Transformer with Target Alignment for Offline Reinforcement Learning,双重校验我的期望回报：面向离线强化学习的目标对齐Transformer,22 Aug 2025,Agent,Other,http://arxiv.org/pdf/2508.16420v1,http://arxiv.org/abs/2508.16420v1,2508.16420v1,本文针对离线强化学习中策略难以精准达到预期回报的问题，提出了一种名为Doctor的新方法，通过对基于Transformer的模型进行目标对齐的“双重检查”，显著提升了策略在数据内外的回报匹配能力。该方法不仅增强了对策略性能的精细控制，还在医疗动态治疗等实际应用中展示了有效调节治疗强度、权衡收益与风险的能力，推动了离线强化学习在实际场景中的可靠应用。
LLM-GUARD: Large Language Model-Based Detection and Repair of Bugs and Security Vulnerabilities in C++ and Python,LLM-GUARD：基于大语言模型的C++和Python代码缺陷及安全漏洞检测与修复,22 Aug 2025,LLM,Other,http://arxiv.org/pdf/2508.16419v1,http://arxiv.org/abs/2508.16419v1,2508.16419v1,本文系统评估了三种主流大型语言模型（ChatGPT-4、Claude 3 和 LLaMA 4）在检测和修复C++与Python代码中的常见错误及安全漏洞的能力。通过结合真实代码库和多阶段上下文提示，研究发现这些模型在识别语法和语义问题上表现优异，适合教育和初步代码审查。但在处理复杂安全漏洞和大规模生产代码时效果有限，ChatGPT-4和Claude 3表现较LLaMA 4更具深度分析能力。研究揭示了大型语言模型在代码质量保障中的潜力与当前局限。
NeuroKoop: Neural Koopman Fusion of Structural-Functional Connectomes for Identifying Prenatal Drug Exposure in Adolescents,NeuroKoop：基于神经Koopman算子的结构-功能连接组融合，用于识别青少年产前药物暴露,22 Aug 2025,AI4Science,Other,http://arxiv.org/pdf/2508.16414v1,http://arxiv.org/abs/2508.16414v1,2508.16414v1,本文提出了一种名为NeuroKoop的新方法，结合结构性和功能性脑网络数据，提升了对青春期儿童产前药物暴露状况的识别能力。该方法通过融合两种脑连接信息，克服了传统分析手段的局限，实现了更准确的分类效果。应用于大型青少年数据集，NeuroKoop不仅表现优于现有方法，还揭示了关键的结构-功能脑连接，有助于深入理解产前药物暴露对脑发育的影响。
Sound and Solution-Complete CCBS,Sound和解完备的连续时间冲突基础搜索（CCBS）,22 Aug 2025,Agent,Other,http://arxiv.org/pdf/2508.16410v1,http://arxiv.org/abs/2508.16410v1,2508.16410v1,本文针对连续时间多智能体路径规划中的主流算法CCBS，揭示了其理论版本可能无法终止且现有实现存在次优解问题。作者提出了一个分析框架，明确了保证算法既能返回最优解又能在所有可解实例上终止的充分条件。基于此，设计了一种新的分支策略，确保算法的正确性和终止性，首次实现了连续时间下与离散时间CBS相当的性能保障。实验验证了该策略在提升解质量上的有效性，并且该方法可无缝替换现有代码，为未来相关算法的评估和改进提供了系统工具。
SAMFusion: Sensor-Adaptive Multimodal Fusion for 3D Object Detection in Adverse Weather,SAMFusion：面向恶劣天气的传感器自适应多模态融合用于三维目标检测,22 Aug 2025,Other,Other,http://arxiv.org/pdf/2508.16408v1,http://arxiv.org/abs/2508.16408v1,2508.16408v1,本文提出了一种面向恶劣天气条件的多传感器融合方法，用于提升自动驾驶中三维目标检测的鲁棒性。该方法不仅融合了传统的RGB和激光雷达数据，还引入了近红外门控摄像头和雷达信息，以应对低光照和恶劣天气带来的挑战。通过基于深度的注意力融合和变换器解码器动态调整各传感器权重，显著提升了在浓雾等复杂环境下对远距离易受影响行人的检测精度。实验结果显示，该方法在恶劣天气场景中比现有最佳技术提高了17.2的平均精度，增强了自动驾驶系统的可靠性和安全性。
Retrieval-Augmented Defense: Adaptive and Controllable Jailbreak Prevention for Large Language Models,Retrieval-Augmented Defense：面向大语言模型的自适应可控越狱防御,22 Aug 2025,LLM,Other,http://arxiv.org/pdf/2508.16406v1,http://arxiv.org/abs/2508.16406v1,2508.16406v1,本文提出了一种名为Retrieval-Augmented Defense（RAD）的新方法，用于防止大型语言模型遭受恶意“越狱”攻击。该方法通过引入已知攻击示例的数据库，能够无需重新训练即可快速适应新型攻击策略，同时实现安全性与模型实用性的平衡。实验结果表明，RAD有效降低了强力攻击的成功率，同时保持对正常请求的低误判率，展现出在多种应用场景下可控且稳健的防御性能。该工作为语言模型的安全防护提供了灵活且高效的解决方案。
AetherCode: Evaluating LLMs' Ability to Win In Premier Programming Competitions,AetherCode：评估大语言模型在顶级编程竞赛中获胜能力,22 Aug 2025,LLM,Other,http://arxiv.org/pdf/2508.16402v1,http://arxiv.org/abs/2508.16402v1,2508.16402v1,本文提出了AetherCode，一个基于顶级编程竞赛题目的新评测基准，旨在更准确衡量大型语言模型（LLMs）的编程与推理能力。作者指出现有评测存在题目难度不足和测试用例质量低的问题，导致模型能力被高估。AetherCode通过引入高难度、多样化的竞赛题目及专家审核的测试用例，提供了更严谨可靠的评价体系。该基准有助于揭示LLMs与顶尖人类程序员之间的真实差距，为未来代码理解与生成研究设立了更高标准。
Domain-aligned generative downscaling enhances projections of extreme climate events,基于领域对齐生成式降尺度方法提升极端气候事件的预测能力,22 Aug 2025,AI4Science,Other,http://arxiv.org/pdf/2508.16396v1,http://arxiv.org/abs/2508.16396v1,2508.16396v1,本文提出了一种基于生成式机器学习的气候降尺度模型，旨在提升极端气候事件的模拟能力。该模型通过将全球低分辨率气候数据转化为高分辨率局地信息，实现对高温、极端降水、强风和热带气旋等多种极端事件的精准再现。历史数据验证表明，该方法显著优于传统模型，未来情景预测显示极端事件频率和强度将持续上升。该研究为高分辨率气候分析和极端事件预测提供了有效工具，助力应对气候变化挑战。
RoMedQA: The First Benchmark for Romanian Medical Question Answering,RoMedQA：首个罗马尼亚语医学问答基准,22 Aug 2025,LLM,Other,http://arxiv.org/pdf/2508.16390v1,http://arxiv.org/abs/2508.16390v1,2508.16390v1,本文提出了RoMedQA，这是首个面向罗马尼亚语医疗领域的问答基准数据集，包含10万余条与癌症患者病例相关的问题及答案。数据由七位肿瘤学和放射治疗专家耗时2100小时手工标注，确保高质量。作者评估了四种大型语言模型在该数据集上的表现，结果显示经过专门训练的模型显著优于零样本推理，表明针对特定语言和领域的微调对提升医疗问答准确性至关重要。该数据集和代码已公开，有助于推动罗马尼亚语临床问答技术的发展。
ChatGPT-generated texts show authorship traits that identify them as non-human,ChatGPT生成文本表现出可识别其非人类作者身份的写作特征,22 Aug 2025,LLM,Other,http://arxiv.org/pdf/2508.16385v1,http://arxiv.org/abs/2508.16385v1,2508.16385v1,本文通过对比人类与大型语言模型（如ChatGPT）生成的文本，发现尽管模型能根据不同写作场景调整风格，但其语言表现仍难以完全模仿人类。具体而言，模型在不同文体中的变化较有限，且偏好使用名词而非动词，缺乏人类语言中丰富的时态和语气变化。这表明语言模型在语法复杂性和思维模式上与人类存在显著差异，为区分机器与人类作者提供了新的线索和方法。
GLARE: Agentic Reasoning for Legal Judgment Prediction,GLARE：用于法律判决预测的智能体推理框架,22 Aug 2025,Agent,Other,http://arxiv.org/pdf/2508.16383v1,http://arxiv.org/abs/2508.16383v1,2508.16383v1,本文针对法律判决预测中现有大语言模型推理能力不足的问题，提出了GLARE框架。该框架通过动态调用多个模块，主动获取关键法律知识，增强了推理的深度和广度。实验证明，GLARE在真实数据集上显著提升了预测效果。同时，框架生成的推理链提高了结果的可解释性，增强了其在实际法律应用中的潜力。
The Mediomatix Corpus: Parallel Data for Romansh Idioms via Comparable Schoolbooks,Mediomatix语料库：通过可比学校教材构建罗曼什语习语的平行数据,22 Aug 2025,Other,Other,http://arxiv.org/pdf/2508.16371v1,http://arxiv.org/abs/2508.16371v1,2508.16371v1,本文介绍了首个涵盖瑞士罗曼什语五种方言的平行语料库——Mediomatix语料库。该语料库基于291册内容相似的教科书，通过自动对齐方法提取了20.7万条多语言对应片段，包含超过200万词。小规模人工评估表明数据高度平行，适用于自然语言处理任务，如方言间机器翻译。作者公开了该数据集，并通过训练大型语言模型验证了其在机器翻译中的有效性，推动了罗曼什语方言研究和应用的发展。
Attention Mechanism in Randomized Time Warping,随机时间扭曲中的注意力机制,22 Aug 2025,Other,Other,http://arxiv.org/pdf/2508.16366v1,http://arxiv.org/abs/2508.16366v1,2508.16366v1,本文揭示了随机时间扭曲（RTW）方法的核心功能可以看作是一种自注意力机制，这一机制是运动识别中Transformer模型的关键技术。RTW通过为输入序列的每个元素分配权重来提取区分性特征，这些权重与自注意力权重高度相关。不同于自注意力仅关注局部序列，RTW作用于整个序列，从而在保持全局视角的同时提升了性能。实验证明，RTW在Something-Something V2数据集上相较Transformer提升了约5%的识别准确率，展示了其在序列匹配和特征提取中的优势。
MizanQA: Benchmarking Large Language Models on Moroccan Legal Question Answering,MizanQA：基于摩洛哥法律问答的大型语言模型基准测试,22 Aug 2025,LLM,Other,http://arxiv.org/pdf/2508.16357v1,http://arxiv.org/abs/2508.16357v1,2508.16357v1,本文提出了MizanQA，一个专门针对摩洛哥法律问答的评测基准，涵盖现代标准阿拉伯语、伊斯兰马立克法学、摩洛哥习惯法及法国法律影响，包含1700多个多选题，真实反映法律推理的复杂性。通过对多语言及阿拉伯语大语言模型的测试，发现其在该领域表现存在显著差距，强调了开发文化和领域特定模型及评估方法的必要性。该工作为低资源法律领域的语言模型研究提供了重要数据和参考。
Confusion is the Final Barrier: Rethinking Jailbreak Evaluation and Investigating the Real Misuse Threat of LLMs,困惑是最终障碍：重新思考Jailbreak评估及调查大型语言模型的真实滥用威胁,22 Aug 2025,LLM,Other,http://arxiv.org/pdf/2508.16347v1,http://arxiv.org/abs/2508.16347v1,2508.16347v1,本文重新审视了大型语言模型（LLMs）在防范“越狱”攻击中的安全性评估，指出当前的成功率可能源自模型之间的误导性循环，而非模型真正掌握了危险知识。通过设计知识密集型问答任务，作者分析了LLMs在持有有害知识、执行有害任务规划及判断有害内容方面的表现，发现模型的“越狱”成功与其实际掌握的有害知识存在脱节，且现有的评估方法过于依赖语言的毒性特征。研究揭示了现有安全评估与现实威胁之间的差距，为更准确评估和提升LLMs安全性提供了新的视角。
LLMSymGuard: A Symbolic Safety Guardrail Framework Leveraging Interpretable Jailbreak Concepts,LLMSymGuard：利用可解释越狱概念的符号安全护栏框架,22 Aug 2025,LLM,Other,http://arxiv.org/pdf/2508.16325v1,http://arxiv.org/abs/2508.16325v1,2508.16325v1,本文提出了LLMSymGuard，一种基于稀疏自编码器的新框架，用于提升大语言模型的安全性。该方法通过识别模型内部与不同越狱攻击相关的可解释概念，构建符号化的逻辑安全防护机制，实现对有害内容生成的透明且稳健防御。与传统的微调方法不同，LLMSymGuard无需额外训练即可有效抵御攻击，增强了模型的安全性和可解释性，为设计更可靠的防护措施提供了新思路。
OwkinZero: Accelerating Biological Discovery with AI,OwkinZero：利用人工智能加速生物学发现,22 Aug 2025,AI4Science,Other,http://arxiv.org/pdf/2508.16315v1,http://arxiv.org/abs/2508.16315v1,2508.16315v1,本文针对大型语言模型在生物学推理任务中的不足，构建了包含30万多条问答对的八个药物发现相关数据集，涵盖关键挑战如靶点可药性和药物效应。基于这些数据，作者通过强化学习方法优化开源模型，开发了OwkinZero系列专用模型。实验表明，OwkinZero在生物学基准测试中显著优于更大规模的商业模型，且在多任务训练下展现出更强的泛化能力。该研究为提升AI在生物医学领域的推理能力和加速药物研发提供了有效路径。
Retrieval Enhanced Feedback via In-context Neural Error-book,基于In-context神经错误簿的检索增强反馈,22 Aug 2025,Multimodal LLM,Other,http://arxiv.org/pdf/2508.16313v1,http://arxiv.org/abs/2508.16313v1,2508.16313v1,本文提出了REFINE，一种基于教师-学生框架的反馈机制，通过系统化整理错误并提供针对性指导，提升多模态大语言模型的推理能力。REFINE设计了三类结构化反馈，帮助模型聚焦关键信息、定位错误原因并制定纠正策略，有效减少冗余检索，提升推理效率和计算资源利用率。实验结果表明，该方法显著加快推理速度，降低计算成本，并具备良好的泛化能力，展示了其在多模态推理任务中的应用潜力。
Exploiting Information Redundancy in Attention Maps for Extreme Quantization of Vision Transformers,利用注意力图中的信息冗余实现视觉Transformer的极端量化,22 Aug 2025,Other,Other,http://arxiv.org/pdf/2508.16311v1,http://arxiv.org/abs/2508.16311v1,2508.16311v1,本文针对视觉Transformer模型中多头自注意力机制计算复杂度高、内存需求大的问题，提出了一种基于信息冗余的极端量化方法。通过分析各注意力头的信息熵，发现低熵头贡献较少信息，进而设计了冻结并低精度量化低熵注意力图的策略，有效减少重复计算。实验证明，该方法在ImageNet-1k数据集上对DeiT和Swin Transformer模型实现了显著加速，同时保持甚至提升了模型准确率，具备良好的实际应用潜力。
A Sharp KL-Convergence Analysis for Diffusion Models under Minimal Assumptions,在最小假设下扩散模型的精确KL收敛性分析,22 Aug 2025,Diffusion Model,Other,http://arxiv.org/pdf/2508.16306v1,http://arxiv.org/abs/2508.16306v1,2508.16306v1,本文针对扩散模型的生成过程收敛性进行了精细分析，显著提升了其在无平滑性假设下的理论保证。通过将生成过程拆分为逆向常微分方程步骤和小幅加噪步骤，作者利用逆向步骤在距离度量上的控制，结合噪声引入，实现了对KL散度误差更优的依赖关系。结果表明，仅需更少的离散化步骤即可在高维数据上以较低误差逼近目标分布，较之前的工作在计算效率和理论界限上均有明显改进，推动了扩散模型理论基础的发展。
A Multimodal-Multitask Framework with Cross-modal Relation and Hierarchical Interactive Attention for Semantic Comprehension,一种具有跨模态关系和分层交互注意力的多模态多任务语义理解框架,22 Aug 2025,Multimodal LLM,Other,http://arxiv.org/pdf/2508.16300v1,http://arxiv.org/abs/2508.16300v1,2508.16300v1,本文针对多模态学习中单一模态噪声影响多模态表示的问题，提出了一种多模态多任务框架MM-ORIENT。该方法通过跨模态关系图重构单模态特征，避免了模态间显式交互带来的噪声干扰；同时引入层次交互注意力机制，聚焦单模态内的关键信息，提升了多任务学习的表现。实验结果表明，该框架在多个数据集上有效提升了多模态语义理解能力，兼顾了模态间关系和单模态特征的辨识力。
Do What? Teaching Vision-Language-Action Models to Reject the Impossible,做什么？教会视觉-语言-动作模型拒绝不可能的任务,22 Aug 2025,Embodied AI,Other,http://arxiv.org/pdf/2508.16292v1,http://arxiv.org/abs/2508.16292v1,2508.16292v1,本文提出了一种名为Instruct-Verify-and-Act（IVA）的框架，旨在提升视觉-语言-动作模型对不可能完成的指令的识别和处理能力。该方法能准确检测指令中的错误前提，主动通过语言进行澄清或纠正，并基于环境感知调整行动方案。通过构建包含正确信息与错误前提指令的半合成数据集，模型在检测错误前提的准确率上提升了97.56%，在应对错误指令的成功率上提升了50.78%。该研究为机器人系统更智能地理解和响应复杂语言指令提供了有效方案。
EdgeDoc: Hybrid CNN-Transformer Model for Accurate Forgery Detection and Localization in ID Documents,EdgeDoc：用于身份证件伪造检测与定位的混合CNN-Transformer模型,22 Aug 2025,Other,Other,http://arxiv.org/pdf/2508.16284v1,http://arxiv.org/abs/2508.16284v1,2508.16284v1,本文提出了EdgeDoc，一种结合轻量级卷积变换器与图像噪声特征的混合模型，用于准确检测和定位身份证件中的伪造痕迹。该方法有效提升了对细微篡改的识别能力，实验证明其在FantasyID数据集上的表现优于现有基线方法。EdgeDoc在ICCV 2025 DeepID挑战赛中获得第三名，展示了其在实际身份验证和远程入职系统中保障文档安全的潜力和竞争力。
AgentScope 1.0: A Developer-Centric Framework for Building Agentic Applications,AgentScope 1.0：面向开发者的智能体应用构建框架,22 Aug 2025,Agent,Other,http://arxiv.org/pdf/2508.16279v1,http://arxiv.org/abs/2508.16279v1,2508.16279v1,本文提出了AgentScope 1.0，一个面向开发者的框架，旨在简化和提升基于大型语言模型的智能代理应用的构建。该框架通过统一接口和模块化设计，支持多样化的工具交互和复杂任务执行，增强了代理的灵活性和效率。同时，AgentScope引入了基于ReAct范式的行为机制和异步架构，丰富了人机及代理间的交互方式。框架还集成了多种实用代理、可视化评估工具和安全运行环境，助力开发者更高效地开发、测试和部署智能代理应用，推动其在实际场景中的应用落地。
The next question after Turing's question: Introducing the Grow-AI test,图灵问题之后的下一个问题：引入Grow-AI测试,22 Aug 2025,AGI,Other,http://arxiv.org/pdf/2508.16277v1,http://arxiv.org/abs/2508.16277v1,2508.16277v1,本文提出了GROW-AI测试框架，旨在评估人工智能是否具备类似人类成长的能力，作为图灵测试的自然延续。该方法通过六个核心标准和多场景“游戏”对AI的行为进行综合评估，所有决策记录在统一的日志中以确保结果的可追溯性和可比性。研究表明，该测试不仅能量化AI的“成长”水平，还能揭示其优势与不足，融合了心理学、机器人学、计算机科学与伦理学视角，创新性地将人类成长过程概念引入AI评估，推动了对智能成熟度的全面理解。
Structuring GUI Elements through Vision Language Models: Towards Action Space Generation,通过视觉语言模型构建GUI元素结构：迈向动作空间生成,22 Aug 2025,Multimodal LLM,Other,http://arxiv.org/pdf/2508.16271v1,http://arxiv.org/abs/2508.16271v1,2508.16271v1,本文针对多模态大语言模型在图形用户界面元素定位中的不足，提出了一种基于交并比（IoU）增强的最大似然训练方法。通过引入基于坐标邻近度的数据增强策略，改进了模型对界面元素坐标的预测能力，有效缓解了传统训练中语义空洞和偏差问题。大量实验验证了该方法在提升界面元素结构理解和定位准确性方面的优越性，为多模态模型在用户界面交互中的应用提供了新的思路。
LLMs that Understand Processes: Instruction-tuning for Semantics-Aware Process Mining,理解流程的LLMs：面向语义感知流程挖掘的指令微调,22 Aug 2025,LLM,Other,http://arxiv.org/pdf/2508.16270v1,http://arxiv.org/abs/2508.16270v1,2508.16270v1,本文探讨了利用大型语言模型（LLMs）通过指令微调提升语义感知流程挖掘的能力。传统流程挖掘侧重于已记录行为，而语义感知方法关注流程中应有的行为。针对现有微调方法计算成本高且任务单一的问题，作者提出通过指令微调让模型学习多种任务的提示与回答，从而增强其对流程挖掘的理解和泛化能力。实验结果显示，该方法显著提升了流程发现和预测任务的表现，但在异常检测任务上效果因模型而异，表明任务选择对微调效果至关重要。
From Confidence to Collapse in LLM Factual Robustness,从置信到崩溃：大语言模型事实鲁棒性的研究,22 Aug 2025,LLM,Other,http://arxiv.org/pdf/2508.16267v1,http://arxiv.org/abs/2508.16267v1,2508.16267v1,本文提出了一种新的评估方法，通过分析语言模型生成过程中的不确定性和对解码参数变化的敏感度，量化模型对事实知识的稳定性，称为事实稳健性评分（FRS）。在多个大型语言模型和问答数据集上的实验表明，模型规模越大，事实稳健性越高，但在不确定性增加时准确率显著下降。该研究揭示了生成过程中的内在因素如何影响模型的知识可靠性，为提升未来语言模型在知识保持和检索方面的稳健性提供了新的思路。
M3TQA: Massively Multilingual Multitask Table Question Answering,M3TQA：大规模多语言多任务表格问答,22 Aug 2025,LLM,Other,http://arxiv.org/pdf/2508.16265v1,http://arxiv.org/abs/2508.16265v1,2508.16265v1,本文提出了M3TQA框架及其大规模多语言表格问答基准m3TQA-Instruct，覆盖97种语言，特别包含低资源语言，填补了现有多语言表格理解研究的不足。通过高质量的中英双语表格翻译和专业标注，构建了涵盖四种任务的2916个问答对，用于评估细粒度的表格推理能力。实验表明，合成的无标注数据显著提升了模型在低资源语言上的表现。该工作为多语言表格理解提供了新的评测标准和可扩展的研究方法。
On the Evolution of Federated Post-Training Large Language Models: A Model Accessibility View,联邦后训练大语言模型的演进：基于模型可访问性的视角,22 Aug 2025,LLM,Other,http://arxiv.org/pdf/2508.16261v1,http://arxiv.org/abs/2508.16261v1,2508.16261v1,本文系统回顾了联邦学习环境下对大型语言模型的后期训练方法，重点关注模型访问权限对优化策略的影响。作者提出了一种基于模型可访问性和参数效率的分类体系，将现有方法分为白盒、灰盒和黑盒三类，特别强调了无需内部模型信息的黑盒推理方案。论文总结了各类技术的代表性成果，分析了当前研究的挑战与未来发展方向，为推动隐私保护下的大型语言模型协同优化提供了重要参考。
"MCPVerse: An Expansive, Real-World Benchmark for Agentic Tool Use",MCPVerse：一个广泛的真实世界智能体工具使用基准,22 Aug 2025,Agent,Other,http://arxiv.org/pdf/2508.16260v1,http://arxiv.org/abs/2508.16260v1,2508.16260v1,本文提出了MCPVerse，一个包含550多个真实可执行工具的大规模评测基准，用于测试语言模型在复杂真实环境中使用工具的能力。MCPVerse提供超过14万令牌的广阔操作空间，并通过实时结果评估时间敏感任务。实验结果显示，当前主流模型在面对庞大工具集时性能下降，而具备主动探索能力的模型如Claude-4-Sonnet能有效提升准确率。该基准揭示了现有模型在实际应用中的局限性，推动了智能体工具使用能力的评估与发展。
FEST: A Unified Framework for Evaluating Synthetic Tabular Data,FEST：用于评估合成表格数据的统一框架,22 Aug 2025,Other,Other,http://arxiv.org/pdf/2508.16254v1,http://arxiv.org/abs/2508.16254v1,2508.16254v1,本文提出了FEST，一种统一的评估框架，用于综合衡量合成表格数据的隐私保护与数据实用性。FEST结合多种隐私指标和数据相似性及机器学习性能指标，提供全面的评价视角。通过在多个数据集上的验证，FEST有效揭示了不同合成数据生成方法在隐私与效用之间的权衡。该框架以开源Python库形式发布，为合成数据研究和应用提供了实用的评估工具。
Towards Diagnostic Quality Flat-Panel Detector CT Imaging Using Diffusion Models,基于扩散模型实现诊断质量的平板探测器CT成像,22 Aug 2025,Diffusion Model,Other,http://arxiv.org/pdf/2508.16252v1,http://arxiv.org/abs/2508.16252v1,2508.16252v1,本文提出了一种基于扩散模型的图像去噪方法，用于提升介入手术室内平板探测器CT（FDCT）的图像质量，使其接近多排探测器CT（MDCT）的水平。该方法有效减少了FDCT图像中的伪影，增强了解剖结构的可见性，同时保持了出血检测的准确性。临床评估表明，改进后的FDCT图像可用于诊断，减少患者在不同设备间转移的需求，提升了介入治疗的效率和便捷性。相关代码已公开，便于后续研究和应用。
Limit-Computable Grains of Truth for Arbitrary Computable Extensive-Form (Un)Known Games,任意可计算广义形式（未知）博弈的极限可计算真理粒度,22 Aug 2025,Agent,Other,http://arxiv.org/pdf/2508.16245v1,http://arxiv.org/abs/2508.16245v1,2508.16245v1,本文解决了博弈论中“真理粒度”问题，构建了一个包含所有可计算策略且包含贝叶斯最优策略的策略类，允许玩家基于合理先验形成一致的信念。针对已知重复博弈，证明了策略收敛性；对于未知环境，采用Thompson采样的玩家能逼近纳什均衡。该方法不仅理论上完整，且具备实际计算近似能力，推动了多智能体系统中策略学习与预测的理论发展。
TULIP: Adapting Open-Source Large Language Models for Underrepresented Languages and Specialized Financial Tasks,TULIP：面向弱势语言和专业金融任务的开源大语言模型适配,22 Aug 2025,LLM,Other,http://arxiv.org/pdf/2508.16243v1,http://arxiv.org/abs/2508.16243v1,2508.16243v1,本文提出了TULIP模型，通过对开源大语言模型Llama 3.1和Qwen 2.5进行适应性训练，专门针对金融领域的土耳其语应用进行了优化。研究设计了包括数据收集、持续预训练、基准测试、合成数据生成和监督微调在内的五阶段流程。实验结果表明，经过改进的小型模型在处理特定语言和专业任务时表现出更强的能力，兼顾了隐私保护和本地部署的需求，为金融领域中资源较少语言的模型应用提供了有效方案。
A Reduction of Input/Output Logics to SAT,输入/输出逻辑到SAT的归约,22 Aug 2025,Other,Other,http://arxiv.org/pdf/2508.16242v1,http://arxiv.org/abs/2508.16242v1,2508.16242v1,本文提出了一种将输入/输出逻辑（一种用于处理规范和义务的形式系统）自动化的方法，通过将其问题转化为一系列命题可满足性问题，实现了对条件规范的有效推理。作者开发了一个名为rio的原型推理器，并通过示例展示了该方法的实用性和有效性。该工作为规范推理的自动化提供了新的工具和思路，促进了形式伦理和法律推理领域的发展。
UniEM-3M: A Universal Electron Micrograph Dataset for Microstructural Segmentation and Generation,UniEM-3M：用于微观结构分割与生成的通用电子显微图数据集,22 Aug 2025,AI4Science,Other,http://arxiv.org/pdf/2508.16239v1,http://arxiv.org/abs/2508.16239v1,2508.16239v1,本文提出了UniEM-3M，一个大规模、多模态的电子显微镜图像数据集，包含约300万实例分割标签和详细的文本描述，旨在推动材料微观结构的自动化分析。作者还发布了基于该数据集训练的文本生成图像模型，用于数据增强和模拟完整数据分布。通过在该数据集上评估多种实例分割方法，提出了表现优异的UniEM-Net基线模型。该工作为电子显微镜图像的深度学习研究提供了丰富资源和标准基准，促进材料科学领域的智能分析发展。
FlexMUSE: Multimodal Unification and Semantics Enhancement Framework with Flexible interaction for Creative Writing,FlexMUSE：具有灵活交互的多模态统一与语义增强框架用于创意写作,22 Aug 2025,Multimodal LLM,Other,http://arxiv.org/pdf/2508.16230v1,http://arxiv.org/abs/2508.16230v1,2508.16230v1,本文提出了FlexMUSE，一种面向多模态创意写作的新框架，旨在生成图文结合的创作内容。不同于传统多模态生成任务，创意写作中文本与图像之间关系更为抽象且灵活。FlexMUSE通过引入灵活的视觉输入模块和语义对齐机制，有效提升了文本与图像的语义一致性和创作自由度。同时，设计了跨模态融合和创意优化策略，增强内容的连贯性和创新性。为推动该领域发展，作者还公开了包含约3000对文本图像的ArtMUSE数据集。实验结果表明，FlexMUSE在创意性和一致性方面表现优异。
PromptFlare: Prompt-Generalized Defense via Cross-Attention Decoy in Diffusion-Based Inpainting,PromptFlare：基于扩散式修复中跨注意力诱饵的提示泛化防护方法,22 Aug 2025,Diffusion Model,Other,http://arxiv.org/pdf/2508.16217v1,http://arxiv.org/abs/2508.16217v1,2508.16217v1,本文提出了PromptFlare，一种针对基于扩散模型的图像修复恶意修改的新型防护方法。该方法通过利用文本提示中的共享无意义词汇，注入对抗噪声作为“注意力诱饵”，有效干扰模型对提示信息的关注，从而抑制不良图像修改。实验证明，PromptFlare在保护图像安全的同时，显著提升了效率并降低了计算资源消耗，展现出强大的防护能力和实用价值。相关代码已公开。
MedOmni-45°: A Safety-Performance Benchmark for Reasoning-Oriented LLMs in Medicine,MedOmni-45°：面向医学推理的大语言模型安全性能基准,22 Aug 2025,LLM,Other,http://arxiv.org/pdf/2508.16213v1,http://arxiv.org/abs/2508.16213v1,2508.16213v1,本文提出了MedOmni-45°，一个专注于医学大语言模型推理安全性与性能权衡的评测基准。该基准包含1800多道涵盖六个医学领域的推理题目，每题配备多种误导性提示，旨在检测模型在面对干扰信息时的准确性、推理一致性及抗误导能力。通过对七款不同类型模型的大规模测试，研究揭示了模型在安全性与性能之间存在明显权衡，无模型能同时领先两者。MedOmni-45°为医学领域大模型的安全可靠性评估提供了重要工具，推动更稳健的模型开发。
OmniCache: A Trajectory-Oriented Global Perspective on Training-Free Cache Reuse for Diffusion Transformer Models,OmniCache：面向轨迹的训练无关扩散Transformer模型全局缓存重用方法,22 Aug 2025,Diffusion Model,Other,http://arxiv.org/pdf/2508.16212v1,http://arxiv.org/abs/2508.16212v1,2508.16212v1,本文提出了OmniCache，一种无需训练即可加速扩散Transformer模型采样过程的方法。该方法通过从整体采样轨迹出发，合理分配缓存复用策略，充分利用去噪过程中的计算冗余，避免仅集中在部分采样步骤复用缓存。同时，动态估计并滤除缓存复用中的噪声，提升采样方向的准确性。实验证明，OmniCache在保持生成质量的同时显著加快了采样速度，为扩散模型的高效实时应用提供了有效解决方案。
Forecast then Calibrate: Feature Caching as ODE for Efficient Diffusion Transformers,先预测后校准：将特征缓存视为ODE以实现高效的Diffusion Transformers,22 Aug 2025,Diffusion Model,Other,http://arxiv.org/pdf/2508.16211v1,http://arxiv.org/abs/2508.16211v1,2508.16211v1,本文针对扩散变换器在图像和视频生成中的高计算开销，提出了一种基于常微分方程的新型特征缓存方法FoCa（预测-校准）。该方法通过将特征缓存视为求解特征序列的微分方程问题，有效缓解了传统缓存策略在大步长跳跃时预测误差剧增的问题。实验证明，FoCa在无需额外训练的情况下，显著提升了推理速度，同时保持了生成质量，适用于多种视觉任务，展示了良好的加速效果和广泛的应用潜力。
Deep learning-enabled virtual multiplexed immunostaining of label-free tissue for vascular invasion assessment,基于深度学习的无标记组织虚拟多重免疫染色用于血管侵犯评估,22 Aug 2025,AI4Science,Other,http://arxiv.org/pdf/2508.16209v1,http://arxiv.org/abs/2508.16209v1,2508.16209v1,本文提出了一种基于深度学习的虚拟多重免疫染色方法，能够在无需传统染色的情况下，通过无标记组织的自发荧光图像，生成多种关键染色结果。该方法准确模拟了多种免疫组织化学染色，帮助病理医生有效识别和定位甲状腺癌中的血管侵犯。相比传统染色，虚拟多重染色不仅提高了诊断的准确性和效率，还避免了组织损失和样本间差异，具有广泛的临床应用潜力。
Competition and Attraction Improve Model Fusion,竞争与吸引力提升模型融合效果,22 Aug 2025,Other,Other,http://arxiv.org/pdf/2508.16204v1,http://arxiv.org/abs/2508.16204v1,2508.16204v1,本文提出了一种名为M2N2的模型融合方法，通过动态调整融合边界、多样性维护机制和启发式吸引度指标，有效整合多个机器学习模型的知识。该方法突破了传统固定参数分组的限制，首次实现了从零开始进化模型，并在手写数字识别任务中表现出与先进算法相当的性能且计算更高效。此外，M2N2成功融合了专用的语言和图像生成模型，提升了整体性能并保持了重要能力，展示了其广泛适用性和鲁棒性。
SpecVLM: Enhancing Speculative Decoding of Video LLMs via Verifier-Guided Token Pruning,SpecVLM：通过验证器引导的Token剪枝提升视频大语言模型的推测解码,22 Aug 2025,Multimodal LLM,Other,http://arxiv.org/pdf/2508.16201v1,http://arxiv.org/abs/2508.16201v1,2508.16201v1,本论文提出了SpecVLM，一种针对视频大语言模型的无训练投机解码框架，通过分阶段的视频信息筛选显著减少计算负担。SpecVLM利用验证模型的注意力信号，先选取关键信息，再均匀剔除冗余内容，最大限度地减少了视频数据处理量，同时保持了模型的准确性。实验结果表明，该方法在多个视频理解任务中实现了超过两倍的解码速度提升，显著提高了视频模型的推理效率和实用性。
Set Transformer Architectures and Synthetic Data Generation for Flow-Guided Nanoscale Localization,基于Set Transformer架构与合成数据生成的流动引导纳米尺度定位,22 Aug 2025,AI4Science,Other,http://arxiv.org/pdf/2508.16200v1,http://arxiv.org/abs/2508.16200v1,2508.16200v1,本文提出了一种基于Set Transformer的新方法，用于利用纳米设备在血流中的运动时间数据，实现人体内部特定区域的定位诊断。该方法不依赖固定结构或空间先验，能灵活处理不同长度和顺序的数据，提升了对解剖变异的适应性。为缓解数据不足和类别不平衡问题，作者引入多种深度生成模型合成训练数据，增强模型鲁棒性。实验结果表明，该方法在准确性上与传统图神经网络相当，同时具备更好的推广能力，展示了无序数据模型与合成数据增强在纳米定位领域的应用潜力。
"CMR-SPB: Cross-Modal Multi-Hop Reasoning over Text, Image, and Speech with Path Balance",CMR-SPB：基于路径平衡的文本、图像与语音跨模态多跳推理,22 Aug 2025,Multimodal LLM,Other,http://arxiv.org/pdf/2508.16198v1,http://arxiv.org/abs/2508.16198v1,2508.16198v1,本文针对多模态大语言模型在跨模态多跳推理中的不足，提出了一个新的评测基准CMR-SPB，该基准涵盖文本、图像和语音三种模态，且设计了均衡多样的推理路径以避免评估偏差。实验结果表明，现有模型在特定推理路径上表现不佳，且传统偏向性评测可能误导性能判断。基于分析，作者提出了一种新的提示策略，有效缩小不同推理路径间的性能差距。该工作促进了对多模态推理能力的公平评估和模型的稳健发展。
ComicScene154: A Scene Dataset for Comic Analysis,ComicScene154：用于漫画分析的场景数据集,22 Aug 2025,Other,Other,http://arxiv.org/pdf/2508.16190v1,http://arxiv.org/abs/2508.16190v1,2508.16190v1,本文介绍了ComicScene154数据集，这是一个涵盖多种类型的公共领域漫画场景级叙事弧的手工标注数据集。作者将漫画视为融合文本与图像的多模态叙事形式，强调其在多模态故事理解研究中的潜力。通过构建一个基础的场景分割方法，论文为后续相关研究提供了初步基准。ComicScene154为计算机对漫画叙事的分析和自然语言处理领域的多模态研究提供了重要资源。
Seeing is Believing: Emotion-Aware Audio-Visual Language Modeling for Expressive Speech Generation,看见即相信：面向表达性语音生成的情感感知视听语言建模,22 Aug 2025,Multimodal LLM,Other,http://arxiv.org/pdf/2508.16188v1,http://arxiv.org/abs/2508.16188v1,2508.16188v1,本文提出了一种融合面部视觉信息的音视频语言模型（AVLM），用于生成富有情感表达的语音。通过比较多种视觉编码器和多模态融合方法，确定了最佳的视觉信息整合策略。模型在情感识别和表达式对话任务中显著优于仅基于语音的系统，情感识别F1值提升约5个百分点。研究表明，面部视觉线索对指导情感丰富的语音生成具有重要作用，为构建端到端的多模态对话系统提供了有力支持。
ParamBench: A Graduate-Level Benchmark for Evaluating LLM Understanding on Indic Subjects,ParamBench：用于评估大语言模型对印度语境学科理解的研究生级基准,22 Aug 2025,LLM,Other,http://arxiv.org/pdf/2508.16185v1,http://arxiv.org/abs/2508.16185v1,2508.16185v1,本文提出了ParamBench，一个包含约1.15万道印地语题目的印度研究生水平考试题库，涵盖历史、音乐、哲学等16个多样化学科，旨在评估大型语言模型（LLM）对印度文化背景下复杂学科知识的理解能力。通过测试17款开源模型，发现表现最佳的Llama 3.3 70B准确率仅为48%，且在音乐、古典乐器、政治和考古等领域表现较弱。该基准揭示了现有LLM在文化特定知识推理上的不足，推动了面向区域文化的模型评估研究。
LLM-Assisted Semantic Alignment and Integration in Collaborative Model-Based Systems Engineering Using SysML v2,基于LLM辅助的SysML v2协同模型驱动系统工程中的语义对齐与集成,22 Aug 2025,LLM,Other,http://arxiv.org/pdf/2508.16181v1,http://arxiv.org/abs/2508.16181v1,2508.16181v1,本文针对跨组织协作中系统模型语义不一致的问题，提出了一种基于大语言模型（LLM）辅助的语义对齐方法，结合SysML v2的新特性实现模型的结构化整合。该方法通过迭代设计提示语，支持模型信息提取、语义匹配与验证，促进不同系统模型之间的可追溯软对齐。以测量系统为例，展示了该方法在提升模型互操作性方面的有效性，并分析了其优势与局限，为协同模型驱动工程提供了新的技术路径。
Motor Imagery EEG Signal Classification Using Minimally Random Convolutional Kernel Transform and Hybrid Deep Learning,基于最小随机卷积核变换与混合深度学习的运动想象脑电信号分类,22 Aug 2025,Other,Other,http://arxiv.org/pdf/2508.16179v1,http://arxiv.org/abs/2508.16179v1,2508.16179v1,本文提出了一种基于最小随机卷积核变换（MiniRocket）和混合深度学习（CNN-LSTM）的脑电信号分类方法，旨在提升运动想象脑机接口（MI-BCI）中脑电信号的识别准确率。该方法有效解决了脑电信号的非平稳性和个体差异问题，在PhysioNet数据集上的实验结果显示，MiniRocket特征提取结合线性分类器实现了98.63%的准确率，优于传统深度学习模型且计算成本更低。研究为运动想象脑电信号的特征提取和分类提供了新的思路和有效手段。
Graph RAG as Human Choice Model: Building a Data-Driven Mobility Agent with Preference Chain,Graph RAG作为人类选择模型：构建基于偏好链的数据驱动出行智能体,22 Aug 2025,Agent,Other,http://arxiv.org/pdf/2508.16172v1,http://arxiv.org/abs/2508.16172v1,2508.16172v1,本文提出了一种结合图检索增强生成技术与大型语言模型的新方法——偏好链，用于模拟城市交通中的人类出行行为。该方法在数据有限的新兴区域表现出较强的上下文感知能力，能够更准确地反映真实的出行选择。实验结果表明，偏好链优于传统语言模型，提升了行为模拟的真实性和一致性。该研究为城市交通建模、个性化出行分析及动态交通预测提供了新的思路，尤其适用于数据稀缺环境下的人类行为模拟。
EGRA:Toward Enhanced Behavior Graphs and Representation Alignment for Multimodal Recommendation,EGRA：面向多模态推荐的增强行为图与表示对齐,22 Aug 2025,Other,Other,http://arxiv.org/pdf/2508.16170v1,http://arxiv.org/abs/2508.16170v1,2508.16170v1,本文提出了一种名为EGRA的多模态推荐方法，旨在提升推荐系统性能。针对现有方法在构建行为图时忽视协同与模态信息平衡及模态噪声问题，以及对模态与行为表示对齐力度固定的问题，EGRA通过引入预训练模型生成的表示构建更丰富的图结构，增强了图的表达能力和鲁棒性。同时，采用动态调整的对齐权重机制，提升了模态与行为特征的融合效果。实验证明，EGRA在多个数据集上显著优于现有方法，展示了其有效性和实用价值。
Towards Recommending Usability Improvements with Multimodal Large Language Models,基于多模态大语言模型的可用性改进推荐研究,22 Aug 2025,Multimodal LLM,Other,http://arxiv.org/pdf/2508.16165v1,http://arxiv.org/abs/2508.16165v1,2508.16165v1,本论文探讨了利用多模态大型语言模型（LLMs）自动评估软件界面可用性的可能性。通过将可用性评估转化为推荐任务，模型根据问题严重程度对界面缺陷进行排序。初步研究结果显示，LLMs生成的改进建议与专家评估具有较好一致性，表明该方法能够在减少人力和时间成本的同时，提供有效的可用性反馈。这为资源有限的小型组织提供了一种更便捷、经济的界面评估解决方案。
Through the Looking Glass: A Dual Perspective on Weakly-Supervised Few-Shot Segmentation,透视镜：弱监督少样本分割的双重视角,22 Aug 2025,Multimodal LLM,Other,http://arxiv.org/pdf/2508.16159v1,http://arxiv.org/abs/2508.16159v1,2508.16159v1,本文针对弱监督少样本语义分割任务，提出了一种新颖的双视角异构网络设计，通过引入异构视觉聚合和传递模块，有效增强支持图像与查询图像之间的互补性，减少语义噪声，并利用异构文本信息提升多模态模型的泛化能力。该方法在保持模型参数大幅减少的同时，显著优于现有同类方法，且首次实现了弱监督模型超越同结构的全监督模型，展示了其在少样本分割领域的潜力和实用价值。
RAGSR: Regional Attention Guided Diffusion for Image Super-Resolution,RAGSR：基于区域注意力引导的扩散模型用于图像超分辨率,22 Aug 2025,Diffusion Model,Other,http://arxiv.org/pdf/2508.16158v1,http://arxiv.org/abs/2508.16158v1,2508.16158v1,本文提出了一种区域注意力引导的图像超分辨率方法（RAGSR），通过对图像中的不同物体区域进行细粒度描述，并利用区域文本对指导注意力机制，有效提升了超分辨率结果的细节表现和视觉一致性。该方法解决了传统技术在多物体场景下难以准确恢复局部细节的问题，实现了更清晰且真实的图像细节生成。实验结果表明，RAGSR在保持整体语义连贯性的同时，显著优于现有方法，展示了其在图像超分辨率领域的应用潜力。
On the Collapse Errors Induced by the Deterministic Sampler for Diffusion Models,基于确定性采样器的扩散模型中引发的坍缩误差研究,22 Aug 2025,Diffusion Model,Other,http://arxiv.org/pdf/2508.16154v1,http://arxiv.org/abs/2508.16154v1,2508.16154v1,本文首次发现并系统分析了确定性采样方法在扩散模型中引发的“塌缩错误”现象，即生成的数据过度集中于局部空间。作者提出了新的度量指标来量化该现象，并揭示了其产生的机制：低噪声条件下的评分学习对高噪声条件下的表现产生负面影响，结合确定性采样的动态导致数据塌缩。通过实验证明了这一问题的普遍存在，并验证了多种现有方法在缓解塌缩错误上的效果。该研究强调了评分学习与确定性采样之间相互作用的重要性，为扩散模型的优化提供了新的视角和方向。
AgentFly: Fine-tuning LLM Agents without Fine-tuning LLMs,AgentFly：无需微调大语言模型的LLM智能体微调方法,22 Aug 2025,Agent,Other,http://arxiv.org/pdf/2508.16153v1,http://arxiv.org/abs/2508.16153v1,2508.16153v1,本文提出了一种无需微调大型语言模型本体的适应性智能体训练新方法。该方法通过基于记忆的在线强化学习，实现低成本的持续自我优化，利用过去经验指导决策，无需更新模型参数。作者设计的AgentFly智能体在深度研究任务中表现优异，显著超越现有训练方法，特别在跨领域任务中提升明显。该方案为构建能够实时学习和不断进化的通用语言智能体提供了高效且可扩展的路径，推动了机器学习在开放式技能获取和复杂研究应用中的发展。代码已开源。
Hardwired-Neurons Language Processing Units as General-Purpose Cognitive Substrates,硬连线神经元语言处理单元作为通用认知底层,22 Aug 2025,LLM,Other,http://arxiv.org/pdf/2508.16151v1,http://arxiv.org/abs/2508.16151v1,2508.16151v1,本文提出了一种名为硬连线神经元语言处理单元（HNLPU）的新型硬件设计，通过将大型语言模型的权重参数直接嵌入计算芯片，实现了极高的计算效率和能耗降低。针对传统硬连线方法成本过高的问题，作者创新性地采用金属嵌入技术，将权重参数三维集成于金属层中，大幅降低制造成本，使得大规模语言模型的专用硬件具备经济可行性。实验结果表明，HNLPU在性能、能效和环境影响方面均显著优于现有GPU方案，展示了其作为通用认知计算基础设施的潜力。
Hierarchical Vision-Language Reasoning for Multimodal Multiple-Choice Question Answering,用于多模态多项选择问答的分层视觉-语言推理,22 Aug 2025,Multimodal LLM,Other,http://arxiv.org/pdf/2508.16148v1,http://arxiv.org/abs/2508.16148v1,2508.16148v1,本文针对多模态大语言模型在处理结构复杂、内容冗长的日语PDF文档时表现不足的问题，提出了一种结合多层次视觉语言推理与优化检索方法的新框架。该框架通过将问题拆解为子问题进行语义验证，有效提升了模型对复杂文档的深度理解能力。实验结果表明，该方法在多项选择问答任务中显著增强了模型的解析准确性和实际应用中的鲁棒性，尤其在非英语语言环境下表现优越。
Take That for Me: Multimodal Exophora Resolution with Interactive Questioning for Ambiguous Out-of-View Instructions,帮我拿那个：基于交互式提问的多模态外指消解用于模糊的视野外指令,22 Aug 2025,Embodied AI,Other,http://arxiv.org/pdf/2508.16143v1,http://arxiv.org/abs/2508.16143v1,2508.16143v1,本文提出了一种名为MIEL的多模态方法，帮助机器人理解含有指示代词的模糊口头指令，尤其是在目标物体或用户不在机器人视野内的情况下。该方法结合声音定位、环境语义建图和用户姿态信息，准确推断指令对象；当存在歧义时，机器人还能主动与用户互动，通过智能问答系统进行澄清。实验证明，MIEL在用户可见和不可见两种场景下均显著提升了指令理解的准确率，展示了其在日常生活机器人中的实用价值。
XLQA: A Benchmark for Locale-Aware Multilingual Open-Domain Question Answering,XLQA：一个面向本地化多语言开放域问答的基准,22 Aug 2025,LLM,Other,http://arxiv.org/pdf/2508.16139v1,http://arxiv.org/abs/2508.16139v1,2508.16139v1,本文提出了XLQA，一个专门针对多语言开放领域问答中地域文化差异的评测基准。通过将3000个英文问题扩展到八种语言，并区分地域敏感与非敏感问题，XLQA揭示了现有多语言大模型在处理地域相关问题时的显著不足。研究表明，模型在不同语言间存在知识差异，主要源于训练数据的分布不均。该基准和评测框架为提升多语言问答系统在真实多文化环境中的表现提供了重要工具和参考。
4D Virtual Imaging Platform for Dynamic Joint Assessment via Uni-Plane X-ray and 2D-3D Registration,基于单平面X射线与二维-三维配准的动态关节评估四维虚拟成像平台,22 Aug 2025,AI4Science,Other,http://arxiv.org/pdf/2508.16138v1,http://arxiv.org/abs/2508.16138v1,2508.16138v1,本文提出了一种创新的四维动态关节成像平台，结合了双臂锥束CT系统和单平面X射线动态捕捉，通过深度学习和三维二维图像配准技术，实现了高精度、低辐射的关节运动评估。该方法在模拟和临床试验中均表现出优异的准确性和稳定性，尤其适用于术后膝关节功能的定量分析。该平台为动态关节功能研究和个性化骨科诊疗提供了有效工具，推动了关节疾病的精准诊断与治疗。
CommonKV: Compressing KV Cache with Cross-layer Parameter Sharing,CommonKV：通过跨层参数共享压缩KV缓存,22 Aug 2025,LLM,Other,http://arxiv.org/pdf/2508.16134v1,http://arxiv.org/abs/2508.16134v1,2508.16134v1,本文提出了CommonKV，一种无需额外训练的跨层键值缓存压缩方法，通过利用相邻层参数的相似性，实现参数共享以减小缓存体积。该方法基于奇异值分解技术，并结合自适应压缩策略，有效避免对差异较大缓存的过度压缩。实验表明，CommonKV在多个模型和基准测试中优于现有压缩技术，且可与量化和缓存淘汰方法结合使用，实现高达98%的压缩率而不显著影响模型性能。该工作为解决大型语言模型的内存瓶颈提供了实用且高效的方案。
The Fools are Certain; the Wise are Doubtful: Exploring LLM Confidence in Code Completion,愚者自信；智者怀疑：探索大语言模型在代码补全中的置信度,22 Aug 2025,LLM,Other,http://arxiv.org/pdf/2508.16131v1,http://arxiv.org/abs/2508.16131v1,2508.16131v1,本文研究了大型语言模型（LLM）在代码补全任务中的置信度表现，采用代码困惑度作为衡量模型信心和不确定性的指标。通过对多种编程语言、模型和数据集的分析，发现强类型语言的困惑度较低，脚本语言困惑度较高，且模型选择对困惑度影响显著，但数据集影响较小。研究结果为开发者和研究者提供了评估不同语言和模型在代码补全中适用性和可靠性的参考，有助于提升代码生成的实用性和准确性。
Bridging the Gap in Ophthalmic AI: MM-Retinal-Reason Dataset and OphthaReason Model toward Dynamic Multimodal Reasoning,弥合眼科人工智能差距：面向动态多模态推理的MM-Retinal-Reason数据集与OphthaReason模型,22 Aug 2025,Multimodal LLM,Other,http://arxiv.org/pdf/2508.16129v1,http://arxiv.org/abs/2508.16129v1,2508.16129v1,本文提出了首个涵盖基础与复杂推理任务的眼科多模态数据集MM-Retinal-Reason，旨在促进结合临床信息与医学影像的动态推理能力。基于此，作者设计了专门针对眼科的多模态推理模型OphthaReason，采用不确定性感知的动态思考机制，有效调整推理深度。实验结果显示，该模型在多种推理任务上显著优于现有通用及医学领域多模态模型，推动了眼科人工智能在临床诊断推理方面的发展。
Spacetime-GR: A Spacetime-Aware Generative Model for Large Scale Online POI Recommendation,Spacetime-GR：一种面向时空感知的大规模在线兴趣点推荐生成模型,22 Aug 2025,Other,Other,http://arxiv.org/pdf/2508.16126v1,http://arxiv.org/abs/2508.16126v1,2508.16126v1,本文提出了Spacetime-GR，一种首创的时空感知生成模型，专为大规模在线兴趣点（POI）推荐设计。该模型通过引入地理层次索引和时空编码，有效捕捉用户行为中的时空变化，同时融合多模态信息提升对兴趣点的理解。通过预训练与后续适配，Spacetime-GR支持多种输出形式，满足不同推荐需求。实验结果显示，该方法在准确性和排序质量上显著优于现有技术，且已成功应用于拥有亿级用户和兴趣点的线上服务，展示出良好的实用价值和推广潜力。
Text Takes Over: A Study of Modality Bias in Multimodal Intent Detection,文本主导：多模态意图检测中的模态偏差研究,22 Aug 2025,Multimodal LLM,Other,http://arxiv.org/pdf/2508.16122v1,http://arxiv.org/abs/2508.16122v1,2508.16122v1,本文研究了多模态意图识别任务中的模态偏差问题，发现当前主流数据集高度依赖文本信息，导致文本模型表现优于多模态模型。通过人工评估确认该偏差后，作者提出去偏方法，显著减少数据集中样本数量，导致所有模型性能下降，尤其是多模态融合模型受影响最大。研究强调了模态偏差对模型评估的影响，呼吁构建更公平的多模态数据集，以促进多模态模型的有效发展和评估。
Extending FKG.in: Towards a Food Claim Traceability Network,扩展FKG.in：迈向食品声明可追溯网络,22 Aug 2025,Other,Other,http://arxiv.org/pdf/2508.16117v1,http://arxiv.org/abs/2508.16117v1,2508.16117v1,本文提出了一个食品声明可追溯网络（FCN），作为印度食品知识图谱FKG.in的扩展，旨在系统化地收集、验证和解释各种关于食品的科学与文化声明。通过设计本体结构和半自动化的数据整理流程，结合社交媒体数据与大语言模型，构建了一个示范性平台。该方法不仅增强了食品信息的透明度和可信度，还具备良好的适应性，可应用于不同地域和监管环境，有助于研究人员、政策制定者及普通消费者更有效地理解和评估食品相关主张。
IR-Agent: Expert-Inspired LLM Agents for Structure Elucidation from Infrared Spectra,IR-Agent：面向红外光谱结构解析的专家启发型大语言模型智能体,22 Aug 2025,Agent,Other,http://arxiv.org/pdf/2508.16112v1,http://arxiv.org/abs/2508.16112v1,2508.16112v1,本文提出了IR-Agent，一种模拟专家分析流程的多智能体框架，用于从红外光谱数据推断分子结构。该方法通过多个专门负责不同解读任务的智能体协同工作，实现多角度综合推理，显著提升了结构解析的准确性。实验结果表明，IR-Agent不仅优于传统方法，还能灵活整合多种化学知识，增强了实际应用中的适应性和可靠性。该研究为红外光谱分析提供了一种更智能、高效的解决方案。
From Indirect Object Identification to Syllogisms: Exploring Binary Mechanisms in Transformer Circuits,从间接宾语识别到三段论：探索Transformer电路中的二元机制,22 Aug 2025,LLM,Other,http://arxiv.org/pdf/2508.16109v1,http://arxiv.org/abs/2508.16109v1,2508.16109v1,本文研究了基于Transformer的语言模型GPT-2在处理二元逻辑推理任务中的内部机制，特别是通过分析包含三段式推理的句子，揭示了模型如何实现复杂的逻辑判断。作者发现多个内部电路和注意力机制共同支持模型的推理能力，包括生成否定信息的能力。实验表明，一个由五个注意力头组成的电路即可实现模型90%以上的推理性能。研究不仅深化了对语言模型逻辑推理过程的理解，也为未来解释模型内部工作原理提供了重要参考。
Validating Terrain Models in Digital Twins for Trustworthy sUAS Operations,用于可信小型无人机系统操作的数字孪生地形模型验证,22 Aug 2025,Other,Other,http://arxiv.org/pdf/2508.16104v1,http://arxiv.org/abs/2508.16104v1,2508.16104v1,本文针对小型无人机在复杂环境中安全飞行所依赖的环境数字孪生中的地形模型，提出了一种系统的验证方法。通过融合多源高分辨率数据构建地形模型，并设计涵盖不同测试粒度和场景的三维验证流程，有效应对数据不精确、传感器误差及实时计算限制等挑战。该方法在多无人机平台及其地形感知系统上验证，提升了地形模型的可靠性，为无人机任务规划和执行提供了坚实保障。
CYCLE-INSTRUCT: Fully Seed-Free Instruction Tuning via Dual Self-Training and Cycle Consistency,CYCLE-INSTRUCT：通过双重自我训练与循环一致性实现完全无种子指令微调,22 Aug 2025,LLM,Other,http://arxiv.org/pdf/2508.16100v1,http://arxiv.org/abs/2508.16100v1,2508.16100v1,本文提出了Cycle-Instruct，一种无需任何人工标注数据的指令调优方法。该方法通过两个模型——答案生成器和问题生成器——在未标注文本上相互监督，实现循环一致性，自主生成训练数据。实验证明，Cycle-Instruct在多种任务上不仅优于依赖种子数据的传统方法，还能达到与强监督方法相当的效果，显著提升了指令调优的自动化和效率，减少了对人工资源的依赖。
Two-flow Feedback Multi-scale Progressive Generative Adversarial Network,双流反馈多尺度渐进式生成对抗网络,22 Aug 2025,Other,Other,http://arxiv.org/pdf/2508.16089v1,http://arxiv.org/abs/2508.16089v1,2508.16089v1,本文提出了一种新型的多尺度渐进式生成对抗网络（MSPG-SEN），通过双流反馈机制显著提升图像生成质量和视觉效果，同时简化训练流程并降低成本。该方法包含自适应感知行为反馈环路、全连接双流动态残差网络及动态嵌入注意力机制，增强了模型的鲁棒性、训练稳定性和泛化能力。实验结果表明，MSPG-SEN在多个数据集上均达到先进水平，且其注意力机制在多种图像处理任务中表现出良好的跨任务适应性和高效性。
CEQuest: Benchmarking Large Language Models for Construction Estimation,CEQuest：用于建筑估算的大语言模型基准测试,22 Aug 2025,LLM,Other,http://arxiv.org/pdf/2508.16081v1,http://arxiv.org/abs/2508.16081v1,2508.16081v1,本文提出了CEQuest，一个专门用于评估大型语言模型在建筑领域表现的新基准数据集，重点考察模型在建筑图纸解读和工程估算方面的能力。通过对五种先进模型的测试，结果显示现有模型在该领域仍存在显著提升空间，强调了引入专业领域知识的重要性。该数据集将开源，旨在推动针对建筑行业的定制化语言模型研究与发展。
Cooperative Design Optimization through Natural Language Interaction,通过自然语言交互实现的协同设计优化,22 Aug 2025,LLM,Other,http://arxiv.org/pdf/2508.16077v1,http://arxiv.org/abs/2508.16077v1,2508.16077v1,本文提出了一种结合自然语言交互的设计优化框架，旨在提升设计师在参数调整过程中的参与感和理解度。通过将系统主导的优化方法与大型语言模型结合，设计师可以通过自然语言介入优化流程，实现更高效的合作设计。实验表明，该方法在优化效果上优于人工设计，用户体验优于传统系统主导方式，且认知负担低于现有的协作方法，显著提升了设计优化的效率和易用性。
InMind: Evaluating LLMs in Capturing and Applying Individual Human Reasoning Styles,InMind：评估大语言模型捕捉与应用个体化人类推理风格的能力,22 Aug 2025,LLM,Other,http://arxiv.org/pdf/2508.16072v1,http://arxiv.org/abs/2508.16072v1,2508.16072v1,本文提出了InMind，一种基于认知理论的评估框架，用于检验大型语言模型（LLMs）是否能够捕捉并应用个体化的人类推理风格。通过在社交推理游戏中收集详细的策略轨迹和反思数据，InMind支持多维度任务，评估模型在静态匹配和动态适应上的表现。实验证明，主流通用LLMs难以有效适应和反映个体差异，而专门增强推理能力的模型表现出更好的风格敏感性。该研究揭示了当前模型在个性化推理上的不足，为实现更符合人类认知特点的人机交互提供了新思路。
From Benchmark Data To Applicable Program Repair: An Experience Report,从基准数据到可应用程序修复：一份经验报告,22 Aug 2025,LLM,Other,http://arxiv.org/pdf/2508.16071v1,http://arxiv.org/abs/2508.16071v1,2508.16071v1,本文介绍了一种结合多种技术的自动程序修复方法，在标准测试中表现优于现有方法。但研究发现，这些技术在工业界真实缺陷上的效果有限。作者发现，利用形式化规范辅助生成单元测试，能提升测试质量，尤其对复杂代码中的边界和异常情况有效，但对常见错误帮助不大。尽管基准测试结果令人鼓舞，实际应用仍受限于测试通过不代表补丁正确。论文强调了学术研究与工业需求之间的差距，并提出了结合人类反馈和改进验证工具的未来方向。
Less Redundancy: Boosting Practicality of Vision Language Model in Walking Assistants,减少冗余：提升视觉语言模型在助行辅助中的实用性,22 Aug 2025,Embodied AI,Other,http://arxiv.org/pdf/2508.16070v1,http://arxiv.org/abs/2508.16070v1,2508.16070v1,本文针对视觉语言模型在盲人行走辅助中的冗余输出问题，提出了WalkVLM-LR模型。该模型通过引入基于人类偏好的奖励机制，优化输出内容，使描述更加简洁、准确且信息密度更高；同时，结合环境感知模块，有效减少了重复提醒，提升了对场景风险的判断能力。实验结果表明，WalkVLM-LR在减少信息冗余和提升实用性方面表现优异，显著增强了辅助系统的用户体验和实用价值。
A Unified Voxel Diffusion Module for Point Cloud 3D Object Detection,用于点云三维目标检测的统一体素扩散模块,22 Aug 2025,Other,Other,http://arxiv.org/pdf/2508.16069v1,http://arxiv.org/abs/2508.16069v1,2508.16069v1,本文提出了一种新颖的体素扩散模块（VDM），旨在提升点云三维目标检测的特征表达能力。VDM通过稀疏三维卷积和残差连接，有效扩散和聚合空间信息，增强了体素级别的特征表示。该模块兼容主流基于Transformer和状态空间模型的检测框架，显著提升了检测准确率。在多个公开数据集上的实验表明，VDM显著优于现有方法，刷新了多项性能指标，展示了其广泛的适用性和优越的性能表现。
Ethical Considerations of Large Language Models in Game Playing,大型语言模型在游戏中的伦理考量,22 Aug 2025,LLM,Other,http://arxiv.org/pdf/2508.16065v1,http://arxiv.org/abs/2508.16065v1,2508.16065v1,本文以狼人杀游戏为例，探讨了大型语言模型（LLMs）在游戏应用中的伦理问题。研究发现，LLMs在游戏角色行为中存在性别偏见，影响游戏公平性和玩家体验，且即使性别信息隐含于名字中，模型仍表现出歧视倾向。论文强调了开发公平、伦理的语言模型的重要性，并讨论了未来在游戏及互动领域深入研究伦理问题的挑战与机遇，为相关技术的负责任应用提供了重要参考。
Integrating Time Series into LLMs via Multi-layer Steerable Embedding Fusion for Enhanced Forecasting,通过多层可调嵌入融合将时间序列集成进大语言模型以增强预测能力,22 Aug 2025,Multimodal LLM,Other,http://arxiv.org/pdf/2508.16059v1,http://arxiv.org/abs/2508.16059v1,2508.16059v1,本文提出了一种多层可调嵌入融合（MSEF）框架，用于增强大型语言模型（LLMs）在时间序列预测中的表现。该方法通过在模型各层引入时间序列的深度信息，有效解决了传统方法中时间序列特征在深层逐渐弱化的问题。MSEF利用现成的时间序列模型提取丰富的特征，并通过层级调整机制实现时间序列与文本信息的高效融合，从而提升模型的适应能力和少样本学习效果。实验证明，MSEF在多个基准测试中显著优于现有方法，平均误差降低31.8%。
Generative Foundation Model for Structured and Unstructured Electronic Health Records,用于结构化与非结构化电子健康记录的生成式基础模型,22 Aug 2025,Multimodal LLM,Other,http://arxiv.org/pdf/2508.16054v1,http://arxiv.org/abs/2508.16054v1,2508.16054v1,本文提出了一种名为Generative Deep Patient（GDP）的多模态基础模型，能够同时处理结构化的电子健康记录时间序列数据和非结构化临床文本。GDP通过两阶段训练，既能生成高质量的临床叙述，又能准确预测多种临床事件，如心力衰竭和糖尿病。实验证明，GDP在多个预测任务中表现优异，且生成的文本在真实性和流畅度上获得专家高度评价，显示出在减轻医疗文档负担的潜力。该模型架构灵活，具备扩展至更多数据类型的能力，推动了电子健康数据的综合利用。
MMAPG: A Training-Free Framework for Multimodal Multi-hop Question Answering via Adaptive Planning Graphs,MMAPG：一种基于自适应规划图的无训练多模态多跳问答框架,22 Aug 2025,Multimodal LLM,Other,http://arxiv.org/pdf/2508.16051v1,http://arxiv.org/abs/2508.16051v1,2508.16051v1,本文提出了一种无需训练的多模态多跳问答框架——MMAPG，通过自适应规划图动态引导推理路径的规划、检索与推理过程。该方法灵活整合图像与文本信息，采用针对不同模态的检索策略，有效避免传统单路径推理易受中间错误影响的问题。实验结果表明，MMAPG在多个多模态问答数据集上表现优异，且无需昂贵的模型训练，展示了高效且稳健的多模态推理能力。
OpenWHO: A Document-Level Parallel Corpus for Health Translation in Low-Resource Languages,OpenWHO：面向低资源语言健康翻译的文档级平行语料库,22 Aug 2025,LLM,Other,http://arxiv.org/pdf/2508.16048v1,http://arxiv.org/abs/2508.16048v1,2508.16048v1,"本文介绍了OpenWHO，一个涵盖20多种语言（其中9种为低资源语言）的卫生领域文档级平行语料库，包含近3,000篇文档和2.7万句专业翻译文本。该资源来源于世界卫生组织的权威教学平台，填补了低资源语言健康领域机器翻译评测数据的空白。基于OpenWHO，研究评估了大型语言模型与传统机器翻译模型的表现，结果显示大型语言模型在低资源语言翻译上具有明显优势，且文档级上下文信息显著提升了专业领域的翻译质量。该语料库的发布有助于推动低资源语言健康领域机器翻译的研究与应用。"
Pareto Actor-Critic for Communication and Computation Co-Optimization in Non-Cooperative Federated Learning Services,非合作联邦学习服务中通信与计算协同优化的Pareto Actor-Critic方法,22 Aug 2025,Agent,Other,http://arxiv.org/pdf/2508.16037v1,http://arxiv.org/abs/2508.16037v1,2508.16037v1,本文针对多服务提供商环境下联邦学习中通信与计算资源非合作优化问题，提出了一种基于多智能体强化学习的框架PAC-MCoFL。该框架通过引入帕累托最优策略和风险建模，实现服务提供商间的协同优化。为应对高维动作空间，设计了细粒度控制机制及其高效变体，显著降低计算复杂度。理论分析和大量仿真验证表明，所提方法在提升整体性能和资源分配平衡方面优于现有方案，具备良好的扩展性和适应异构数据环境的能力。
Time Series Based Network Intrusion Detection using MTF-Aided Transformer,基于时间序列的网络入侵检测：MTF辅助的Transformer方法,22 Aug 2025,Other,Other,http://arxiv.org/pdf/2508.16035v1,http://arxiv.org/abs/2508.16035v1,2508.16035v1,本文提出了一种结合马尔可夫转移场（MTF）与Transformer模型的新方法，用于软件定义网络（SDN）中的时间序列分类。该方法有效融合了MTF对时间依赖性的建模能力与Transformer的模式识别优势，在SDN数据有限的情况下表现优于传统模型。实验结果表明，该模型不仅提升了分类准确率，还具备较快的训练和推理速度，适合实际应用。该研究为解决SDN中稀疏数据环境下的时间序列分析问题提供了高效且可靠的技术路径。
Wavelet-Enhanced PaDiM for Industrial Anomaly Detection,基于小波增强的PaDiM工业异常检测方法,22 Aug 2025,Other,Other,http://arxiv.org/pdf/2508.16034v1,http://arxiv.org/abs/2508.16034v1,2508.16034v1,本文提出了一种基于小波变换增强的工业异常检测方法WE-PaDiM，通过在多层卷积神经网络特征上应用离散小波变换，选择并融合不同频率子带信息，替代了传统方法中的随机特征选择。该方法在MVTec AD数据集上表现优异，实现了高精度的异常检测与定位。研究还发现，不同类型的小波子带对检测性能有不同影响，提升了模型的解释性和稳定性。WE-PaDiM为工业自动质检提供了一种高效且可靠的解决方案。
Optimal Dynamic Regret by Transformers for Non-Stationary Reinforcement Learning,基于Transformers的非平稳强化学习的最优动态遗憾界,22 Aug 2025,Agent,Other,http://arxiv.org/pdf/2508.16027v1,http://arxiv.org/abs/2508.16027v1,2508.16027v1,本论文探讨了变换器模型在非静态强化学习环境中的表现，填补了该领域理论与实践研究的空白。研究证明，变换器能够在动态变化的环境中实现接近最优的学习效果，通过内嵌学习机制有效模拟应对环境变化的策略。实验结果表明，变换器不仅能够匹配现有专家算法的性能，甚至在某些情况下表现更优，展示了其在复杂非静态任务中的潜力和优势。
NeuralMeshing: Complete Object Mesh Extraction from Casual Captures,NeuralMeshing：基于日常视频捕获的完整物体网格提取,22 Aug 2025,Other,Other,http://arxiv.org/pdf/2508.16026v1,http://arxiv.org/abs/2508.16026v1,2508.16026v1,本文提出了一种自动化系统，能够利用两段或多段普通视频生成物体的完整三维几何模型。系统通过在每个视频中标定一个已知点（如棋盘格或增强现实标记）来确定视频帧的位置，结合多视角结构重建技术，实现对物体的精确定位和建模。该方法通过融合多段视频的数据，避免了传统三维重建中常见的模型缺失问题，提升了模型的完整性和准确性。系统代码已开源，便于用户在日常生活中使用普通设备完成高质量三维建模。
Wavelet-Space Super-Resolution for Real-Time Rendering,基于小波域的实时渲染超分辨率方法,22 Aug 2025,Other,Other,http://arxiv.org/pdf/2508.16024v1,http://arxiv.org/abs/2508.16024v1,2508.16024v1,本文提出了一种基于小波变换的神经网络超分辨率方法，用于实时图像渲染。通过在小波域分离低频与高频信息，模型能够更好地保留细节纹理并保持结构一致性。该方法利用平移不变的小波变换，避免空间下采样，提升了图像质量指标（PSNR提升1.5 dB，LPIPS降低17%），且计算开销适中。实验结果表明，该技术在保持实时性能的同时，有效提升了渲染图像的感知质量，适合图形应用中的神经网络放大任务。
X-Troll: eXplainable Detection of State-Sponsored Information Operations Agents,X-Troll：面向国家支持信息操作代理的可解释检测,22 Aug 2025,LLM,Other,http://arxiv.org/pdf/2508.16021v1,http://arxiv.org/abs/2508.16021v1,2508.16021v1,本文提出了X-Troll，一种结合可解释大语言模型与专家语言知识的新框架，用于检测国家支持的网络水军。该方法通过引入情感评价理论和宣传分析，利用适配器技术捕捉协调信息战中的特定语言模式，实现了对复杂操控行为的精准识别。实验证明，X-Troll在准确率上优于现有模型，同时能够提供清晰的人类可读解释，揭示水军使用的具体语言策略，提升了检测的透明度和可信度。相关代码已公开。
DRespNeT: A UAV Dataset and YOLOv8-DRN Model for Aerial Instance Segmentation of Building Access Points for Post-Earthquake Search-and-Rescue Missions,DRespNeT：用于地震后搜救任务中建筑物出入口空中实例分割的无人机数据集与YOLOv8-DRN模型,22 Aug 2025,Other,Other,http://arxiv.org/pdf/2508.16016v1,http://arxiv.org/abs/2508.16016v1,2508.16016v1,本文提出了DRespNeT数据集和基于YOLOv8-DRN的模型，专为地震灾后无人机航拍图像中的建筑入口点实例分割设计。DRespNeT包含高分辨率、多类别的细致标注，能区分可通行与阻碍区域，提升搜救行动的准确性和效率。所提模型在实时检测任务中表现优异，达到92.7%的准确率和27帧每秒的速度，满足紧急响应需求。该研究为灾后搜救提供了重要的技术支持，促进了人机协作和救援效果的提升。
Political Ideology Shifts in Large Language Models,大语言模型中的政治意识形态转变,22 Aug 2025,LLM,Other,http://arxiv.org/pdf/2508.16013v1,http://arxiv.org/abs/2508.16013v1,2508.16013v1,本文研究了大型语言模型在政治意识形态表达上的变化，重点分析了不同模型规模及“虚拟人格”设定对其政治倾向的影响。结果显示，模型规模越大，其政治观点覆盖越广且极化程度越高；对明确意识形态提示的敏感度随规模增加而增强；模型对右派权威主义提示的反应强于左派自由主义；且人格描述中的主题内容会引发系统性且可预测的意识形态偏移。研究强调，随着这类模型广泛应用于决策和政策领域，需关注其潜在的意识形态可塑性，以保障公平与透明。
HePGA: A Heterogeneous Processing-in-Memory based GNN Training Accelerator,HePGA：一种基于异构处理内存的图神经网络训练加速器,22 Aug 2025,Other,Other,http://arxiv.org/pdf/2508.16011v1,http://arxiv.org/abs/2508.16011v1,2508.16011v1,本文提出了一种基于异构处理器内存（PIM）的图神经网络训练加速器HePGA，利用三维集成技术将多种PIM器件结合在同一平台上，实现能效与性能的优化。通过针对不同图神经网络层及计算特点，将任务合理分配到不同器件和层级，HePGA在能效和计算效率上分别提升了3.8倍和6.8倍，同时保持了模型的预测准确性。实验结果表明，该架构不仅显著优于现有方案，还能有效加速新兴的变换器模型推理，展现出广泛应用潜力。
Self-Aligning EPM Connector: A Versatile Solution for Adaptive and Multi-Modal Interfaces,自对准电永磁连接器：适用于自适应与多模态接口的多功能解决方案,21 Aug 2025,Embodied AI,Other,http://arxiv.org/pdf/2508.16008v1,http://arxiv.org/abs/2508.16008v1,2508.16008v1,本文提出了一种基于电永久磁铁技术的多功能连接器，集成了自动对齐、机械连接、流体传输和数据通信功能，采用紧凑的3D打印结构。实验验证了该连接器在不同模式下的高效流体传输和稳定数据传输能力，同时具备良好的自适应对齐性能，能有效应对多种位置偏差且能耗低。该设计为模块化机器人、电动车充电、家用机器人及航天对接等领域提供了一种灵活可靠的连接解决方案。
Cross-Attention Multimodal Fusion for Breast Cancer Diagnosis: Integrating Mammography and Clinical Data with Explainability,基于交叉注意力的多模态融合用于乳腺癌诊断：整合乳腺X线摄影与临床数据并具备可解释性,21 Aug 2025,Multimodal LLM,Other,http://arxiv.org/pdf/2508.16000v1,http://arxiv.org/abs/2508.16000v1,2508.16000v1,本文提出了一种结合乳腺X光影像和临床数据的多模态深度学习方法，用于乳腺病变的精准诊断。研究比较了多种融合策略，发现跨注意力机制在整合两类信息方面效果最佳，显著提升了分类性能。模型在公开数据集上表现优异，准确率和诊断可靠性均达到较高水平。此外，论文强调了可解释人工智能技术在提高诊断模型透明度和可信度中的重要作用，为乳腺癌辅助诊断提供了更全面和有效的解决方案。
"GelSLAM: A Real-time, High-Fidelity, and Robust 3D Tactile SLAM System",GelSLAM：一种实时、高保真且鲁棒的三维触觉SLAM系统,21 Aug 2025,Embodied AI,Other,http://arxiv.org/pdf/2508.15990v1,http://arxiv.org/abs/2508.15990v1,2508.15990v1,本文提出了GelSLAM，一种基于触觉传感的实时三维SLAM系统，能够长时间准确估计物体姿态并高精度重建物体形状。与传统依赖点云的方法不同，GelSLAM利用触觉获取的表面法线和曲率信息，实现稳健的跟踪和闭环检测。该系统在实时追踪物体运动时误差低、漂移小，且能以亚毫米精度重建低纹理物体，拓展了触觉感知从局部接触到全局空间认知的能力，适用于高精度的手内操作和物体交互任务。
Diverse Signer Avatars with Manual and Non-Manual Feature Modelling for Sign Language Production,结合手动与非手动特征建模的多样化手语签署者虚拟形象生成,21 Aug 2025,Diffusion Model,Other,http://arxiv.org/pdf/2508.15988v1,http://arxiv.org/abs/2508.15988v1,2508.15988v1,本文提出了一种基于潜在扩散模型的新方法，用于生成多样化且逼真的手语数字虚拟形象。该方法通过一个创新的特征聚合模块，分别建模手部动作和面部表情等非手势特征，有效保留了语言内容的准确性，同时支持不同种族背景的参考图像以增强多样性。实验证明，该方法在YouTube-SL-25手语数据集上，较现有技术显著提升了视觉质量和感知效果，推动了手语生成技术的发展。
Dancing with Deer: A Constructional Perspective on MWEs in the Era of LLMs,与鹿共舞：大语言模型时代多词表达的构式语法视角,21 Aug 2025,LLM,Other,http://arxiv.org/pdf/2508.15977v1,http://arxiv.org/abs/2508.15977v1,2508.15977v1,本文从用法驱动的构式语法视角探讨多词表达（MWEs）的理解与表示，强调其统一处理习语与非习语结构的优势。通过两个案例研究，展示构式模板在英语和阿拉霍语中对多词及多形素表达的有效建模。论文还比较了人类与大型语言模型在学习和推广新颖多词表达上的异同，指出尽管两者均能基于单次使用理解新表达，但只有人类能通过丰富的经验对多个新表达进行深入推理。研究为多词表达的认知机制和语言模型设计提供了新视角。
Contributions to Label-Efficient Learning in Computer Vision and Remote Sensing,计算机视觉与遥感中的高效标签学习研究进展,21 Aug 2025,Other,Other,http://arxiv.org/pdf/2508.15973v1,http://arxiv.org/abs/2508.15973v1,2508.15973v1,本文围绕计算机视觉与遥感领域中的少标注学习展开，提出了一系列方法以在标注有限的情况下有效利用大量未标注数据。研究涵盖弱监督学习、多任务学习、自监督对比学习和少样本学习，特别针对地球观测数据的多模态性和场景复杂性进行了适配。通过丰富的实验验证，这些方法在目标检测、语义分割和场景分类等任务中表现出显著提升。论文还展望了未来在实际应用中进一步提升少标注学习能力的方向。
UnPose: Uncertainty-Guided Diffusion Priors for Zero-Shot Pose Estimation,UnPose：基于不确定性引导的扩散先验的零样本姿态估计,21 Aug 2025,Diffusion Model,Other,http://arxiv.org/pdf/2508.15972v1,http://arxiv.org/abs/2508.15972v1,2508.15972v1,本文提出了UnPose，一种基于预训练扩散模型的不依赖物体模型的零样本6D姿态估计方法。该方法从单视角RGB-D图像出发，利用扩散模型生成初始三维物体表示及其不确定性估计，随后通过融合多视角信息并结合不确定性指导，逐步优化物体姿态和三维重建。实验结果表明，UnPose在姿态估计精度和三维重建质量上均优于现有方法，且具备良好的实际机器人操作应用潜力。
Advancing rail safety: An onboard measurement system of rolling stock wheel flange wear based on dynamic machine learning algorithms,推进铁路安全：基于动态机器学习算法的车辆轮缘磨损车载测量系统,21 Aug 2025,Other,Other,http://arxiv.org/pdf/2508.15963v1,http://arxiv.org/abs/2508.15963v1,2508.15963v1,本文提出了一种创新的车载测量系统，用于实时监测铁路车辆轮缘磨损情况。系统结合位移和温度传感器，通过动态机器学习算法自动训练模型，有效克服了传感器受温度影响的非线性响应。实验验证显示，该方法在滤波处理后测量准确率可达98.2%。该系统还能集成至物联网等铁路通信设备，提供精准的轮缘磨损及轨道异常监测，有助于提升铁路运行安全性和效率。
Representation Learning with Adaptive Superpixel Coding,基于自适应超像素编码的表示学习,21 Aug 2025,Other,Other,http://arxiv.org/pdf/2508.15959v1,http://arxiv.org/abs/2508.15959v1,2508.15959v1,本文提出了一种基于Transformer的自监督视觉模型——自适应超像素编码（ASC），旨在突破传统视觉Transformer依赖固定大小图像块的限制。ASC通过动态调整超像素层，更好地适应图像内容的结构特征，从而提升特征表示能力。实验结果表明，该方法在多项标准图像任务中优于现有主流模型，展示了其在视觉表征学习中的有效性和广泛应用潜力。
ASIC-Agent: An Autonomous Multi-Agent System for ASIC Design with Benchmark Evaluation,ASIC-Agent：一种用于ASIC设计的自主多智能体系统及基准评估,21 Aug 2025,Agent,Other,http://arxiv.org/pdf/2508.15940v1,http://arxiv.org/abs/2508.15940v1,2508.15940v1,本文提出了ASIC-Agent，一种针对数字ASIC设计的自主多智能体系统，通过整合多个专门子代理，实现从代码生成到验证、硬化及芯片集成的全流程自动化。该系统结合基础大语言模型与硬件设计工具及知识库，有效克服了传统语言模型在执行和调试方面的局限。为评估系统性能，作者设计了ASIC-Agent-Bench基准测试，验证了ASIC-Agent在多种设计任务中的表现。实验结果表明，ASIC-Agent显著提升了ASIC设计效率，展示了加速硬件设计流程的潜力。
Transforming Causality: Transformer-Based Temporal Causal Discovery with Prior Knowledge Integration,Transforming Causality：基于Transformer的时间因果发现与先验知识融合,21 Aug 2025,AI4Science,Other,http://arxiv.org/pdf/2508.15928v1,http://arxiv.org/abs/2508.15928v1,2508.15928v1,本文提出了一种基于Transformer模型的时间因果关系发现框架，旨在解决复杂非线性依赖和虚假相关性问题。该方法通过训练多层Transformer预测器捕捉变量间的长期非线性时序关系，利用梯度分析提取因果结构及时间滞后，并引入基于注意力机制的先验知识融合，有效排除不合理因果链接。实验结果表明，该方法在因果关系识别和时间滞后估计上均显著优于现有先进技术，展示了其在时间因果推断中的应用潜力和优势。
"Noise, Adaptation, and Strategy: Assessing LLM Fidelity in Decision-Making",噪声、适应与策略：评估大语言模型在决策中的忠实度,21 Aug 2025,Agent,Other,http://arxiv.org/pdf/2508.15926v1,http://arxiv.org/abs/2508.15926v1,2508.15926v1,本文提出了一种基于逐步干预的评估框架，用于考察大型语言模型（LLM）在模拟人类决策过程中的适应性和行为多样性。通过在两个经典经济学任务上的验证，研究发现LLM倾向于采用稳定但与人类行为存在差异的保守策略，且尽管指导和人类示例能部分改善表现，但仍难以复制人类的决策变异性。该工作揭示了LLM在行为真实感上的不足，强调未来评估应注重过程层面的真实性，为社科领域中利用LLM生成合成数据提供了方法指导。
Probabilistic Forecasting Cryptocurrencies Volatility: From Point to Quantile Forecasts,加密货币波动率的概率预测：从点预测到分位数预测,21 Aug 2025,Other,Other,http://arxiv.org/pdf/2508.15922v1,http://arxiv.org/abs/2508.15922v1,2508.15922v1,本文针对加密货币市场极端波动性的特点，提出了一种基于多种统计和机器学习模型的概率性波动率预测方法。通过结合不同模型的点预测，估计加密货币波动率的条件分位数，实现了从单一预测值向概率分布的转变。以比特币为例，实证结果表明，基于残差模拟的分位数估计方法在准确性和稳健性方面优于其他复杂方法。该研究首次系统评估了加密货币波动率的概率预测，为风险管理和交易策略提供了更全面的风险衡量工具。
HyperFlexis: Joint Design of Algorithms and Systems for Multi-SLO Serving and Fast Scaling,HyperFlexis：面向多SLO服务与快速扩展的算法与系统联合设计,21 Aug 2025,LLM,Other,http://arxiv.org/pdf/2508.15919v1,http://arxiv.org/abs/2508.15919v1,2508.15919v1,本文提出了HyperFlexis，一种面向大规模语言模型服务的新型系统，旨在同时满足多种服务质量要求并实现快速弹性扩展。该系统通过智能调度和高效资源管理，有效应对请求多样性和复杂的服务目标，显著提升了响应速度和服务稳定性。特别地，HyperFlexis引入了设备间权重传输机制，大幅降低了启动延迟，同时实现了更高的服务达标率和更低的延迟，且成本与现有先进方案持平。该工作为大规模语言模型的实用部署提供了重要支持。
Information Ecosystem Reengineering via Public Sector Knowledge Representation,通过公共部门知识表示的信息生态系统重构,21 Aug 2025,Other,Other,http://arxiv.org/pdf/2508.15916v1,http://arxiv.org/abs/2508.15916v1,2508.15916v1,本文针对公共部门信息生态系统的数字化转型，提出了一种名为“表示解缠”的新方法，以解决信息重构过程中知识表达复杂性带来的挑战。该方法基于本体驱动的概念建模，能够理清多层次的知识关系，提升信息系统的可解释性、透明度和可追溯性。此框架有助于支持智能治理中的决策审计，促进人工智能和数据驱动架构下公共服务的有效重构和管理。
Evaluating Structured Decoding for Text-to-Table Generation: Evidence from Three Datasets,结构化解码在文本到表格生成中的评估：基于三个数据集的实证研究,21 Aug 2025,LLM,Other,http://arxiv.org/pdf/2508.15910v1,http://arxiv.org/abs/2508.15910v1,2508.15910v1,本文系统评估了在文本生成表格任务中，采用结构化解码与传统一次性提示生成方法的效果差异。通过在三个不同数据集（E2E、Rotowire、Livesum）上，利用多种规模的大型开源语言模型进行比较，研究发现结构化解码能显著提升表格的有效性和内容一致性，尤其是在需要精确数值对齐的场景中表现突出。但在文本信息密集或需复杂汇总的任务中，结构化解码的效果有所下降。论文还探讨了评估指标的适用性及模型规模对结果的影响，为文本到表格生成方法的选择提供了实证参考。
Boosting Pathology Foundation Models via Few-shot Prompt-tuning for Rare Cancer Subtyping,通过少样本提示调优提升病理基础模型在罕见癌症亚型分类中的性能,21 Aug 2025,Multimodal LLM,Other,http://arxiv.org/pdf/2508.15904v1,http://arxiv.org/abs/2508.15904v1,2508.15904v1,本文提出了一种名为PathPT的新框架，利用视觉-语言基础模型和少量样本提示调优，有效提升罕见癌症亚型的诊断准确率。该方法通过细粒度图像区域指导和跨模态信息融合，克服了传统方法仅依赖视觉特征的局限，增强了病灶定位和解释能力。在涵盖多种罕见癌症和常见癌症的数据集上，PathPT表现出显著优于现有技术的效果，为罕见癌症的辅助诊断提供了一种高效且可推广的解决方案。
VT-LVLM-AR: A Video-Temporal Large Vision-Language Model Adapter for Fine-Grained Action Recognition in Long-Term Videos,VT-LVLM-AR：一种用于长时视频细粒度动作识别的视频时序大型视觉语言模型适配器,21 Aug 2025,Multimodal LLM,Other,http://arxiv.org/pdf/2508.15903v1,http://arxiv.org/abs/2508.15903v1,2508.15903v1,本文提出了一种名为VT-LVLM-AR的新框架，旨在提升长视频中细粒度人体动作识别的效果。该方法通过一个视频事件映射器，将原始视频转化为语义丰富且时间连贯的视觉事件序列，再利用适配后的大型视觉语言模型进行动作推理与分类。实验结果表明，VT-LVLM-AR在多个公开数据集上达到领先性能，同时具备良好的可解释性，展示了结合视觉语言模型进行视频理解的巨大潜力。
Text-Driven 3D Hand Motion Generation from Sign Language Data,基于文本驱动的手语数据三维手部动作生成,21 Aug 2025,Diffusion Model,Other,http://arxiv.org/pdf/2508.15902v1,http://arxiv.org/abs/2508.15902v1,2508.15902v1,本文提出了一种基于自然语言描述生成三维手部动作的模型，能够根据手形、位置及手指和手臂运动等细节进行控制。研究利用大规模手语视频数据及其伪标注，通过语言模型将手语类别转换为手部动作描述，构建了丰富的训练数据。基于此，作者训练了一个文本驱动的手部动作生成模型，具备跨不同手语类别及非手语动作的良好适应性。该工作不仅推动了手语动作生成技术的发展，还公开了模型和数据，为相关领域研究提供了重要资源。
Beyond Imaging: Vision Transformer Digital Twin Surrogates for 3D+T Biological Tissue Dynamics,超越成像：基于Vision Transformer的数字孪生代理用于3D+时间生物组织动力学,21 Aug 2025,AI4Science,Other,http://arxiv.org/pdf/2508.15883v1,http://arxiv.org/abs/2508.15883v1,2508.15883v1,本文提出了一种基于视觉变换器的数字孪生替代网络（VT-DTSN），用于预测和重建生物组织的三维时序动态。该方法通过多视角融合和综合损失函数，能够高精度地再现果蝇中肠组织在不同深度的形态和特征变化，且具有良好的鲁棒性和一致性。VT-DTSN为理解组织动态和细胞行为提供了高效、可靠的计算工具，推动了生物组织动态研究与时间分辨成像的结合，助力生物学中的计算实验和假设验证。
Beyond Transcription: Mechanistic Interpretability in ASR,超越转录：自动语音识别中的机制可解释性研究,21 Aug 2025,Other,Other,http://arxiv.org/pdf/2508.15882v1,http://arxiv.org/abs/2508.15882v1,2508.15882v1,本文首次系统地将解释性方法应用于自动语音识别（ASR）系统，揭示了语音识别过程中声学和语义信息在模型各层的演变规律。研究发现了编码器与解码器间导致重复错误的内部机制，以及深层声学表示中存在的语义偏差。这些发现不仅加深了对ASR模型内部运行机制的理解，也为提升语音识别系统的透明度和鲁棒性提供了新的研究方向。
TPLA: Tensor Parallel Latent Attention for Efficient Disaggregated Prefill \& Decode Inference,TPLA：用于高效分解预填充与解码推理的张量并行潜在注意力机制,21 Aug 2025,LLM,Other,http://arxiv.org/pdf/2508.15881v1,http://arxiv.org/abs/2508.15881v1,2508.15881v1,本文提出了一种名为Tensor-Parallel Latent Attention（TPLA）的新型注意力机制，解决了多设备并行计算中缓存效率低下的问题。TPLA通过分割潜在表示和输入维度，使每个设备独立计算并高效合并结果，既保持了模型压缩缓存的优势，又提升了并行计算效率。该方法兼容现有模型，无需重新训练，并通过简单变换减少跨设备干扰。在长文本处理任务中，TPLA显著加速了推理过程，同时保持了性能表现，具备实际应用价值。
Lean Meets Theoretical Computer Science: Scalable Synthesis of Theorem Proving Challenges in Formal-Informal Pairs,Lean遇见理论计算机科学：形式-非形式对中定理证明挑战的可扩展合成,21 Aug 2025,AI4Science,Other,http://arxiv.org/pdf/2508.15878v1,http://arxiv.org/abs/2508.15878v1,2508.15878v1,本文提出利用理论计算机科学中的问题作为自动生成形式化与非形式化定理对的来源，解决了传统定理证明数据集规模有限的问题。通过自动合成两类具有挑战性的证明任务，作者搭建了一个可扩展的生成框架，支持并行输出形式化证明和对应的非形式描述。实验结果显示，当前先进模型在这些任务上表现仍有显著差距，特别是在复杂推理方面。该工作为推动自动化定理证明研究提供了新的数据资源和评测平台，促进了机器推理能力的深入发展。
Annif at the GermEval-2025 LLMs4Subjects Task: Traditional XMTC Augmented by Efficient LLMs,Annif在GermEval-2025 LLMs4Subjects任务中的表现：以高效大语言模型增强的传统多标签文本分类,21 Aug 2025,LLM,Other,http://arxiv.org/pdf/2508.15877v1,http://arxiv.org/abs/2508.15877v1,2508.15877v1,本文介绍了Annif系统在GermEval-2025 LLMs4Subjects任务中针对文献主题预测的应用。该系统基于先前版本，结合多种小型高效语言模型实现翻译和合成数据生成，并利用大型语言模型对候选主题进行排序，显著提升了性能。最终，Annif系统在任务的定量和定性评测中均获得第一名，展示了在保持计算效率的同时实现高质量主题预测的有效方法。
DeepMEL: A Multi-Agent Collaboration Framework for Multimodal Entity Linking,DeepMEL：一种多智能体协作框架用于多模态实体链接,21 Aug 2025,Agent,Other,http://arxiv.org/pdf/2508.15876v1,http://arxiv.org/abs/2508.15876v1,2508.15876v1,本文提出了DeepMEL，一种基于多智能体协作推理的多模态实体链接框架，旨在解决文本与图像信息融合不足及大模型联合困难的问题。该方法通过四个专门角色的协同工作，实现文本语义与图像结构的高效对齐和消歧，采用动态迭代策略优化候选实体，提升链接准确率。实验结果表明，DeepMEL在多个公开数据集上显著优于现有方法，验证了其设计的有效性和实用价值。
NEAT: Concept driven Neuron Attribution in LLMs,NEAT：基于概念驱动的大语言模型神经元归因方法,21 Aug 2025,LLM,Other,http://arxiv.org/pdf/2508.15875v1,http://arxiv.org/abs/2508.15875v1,2508.15875v1,本文提出了一种基于概念向量的方法，旨在高效定位大型语言模型中负责特定概念表达的重要神经元，称为“概念神经元”。该方法显著减少了计算资源需求，相较于以往方法将前向传播次数从与样本数和神经元数乘积成正比优化为仅与神经元数相关。通过对比实验和消融研究，方法表现优于多种基线，并结合聚类技术进一步提升搜索效率。最后，作者通过关闭识别出的神经元，分析了其在处理仇恨言论和偏见（特别是印度语境下）的影响，为理解和干预模型内部机制提供了新思路。
Spatial Policy: Guiding Visuomotor Robotic Manipulation with Spatial-Aware Modeling and Reasoning,Spatial Policy：基于空间感知建模与推理的视觉运动机器人操作引导,21 Aug 2025,Embodied AI,Other,http://arxiv.org/pdf/2508.15874v1,http://arxiv.org/abs/2508.15874v1,2508.15874v1,本文提出了一种名为Spatial Policy（SP）的空间感知视觉运动机器人操作框架，旨在提升机器人在复杂环境中的控制能力。该方法通过显式的空间建模和推理，结合空间条件的视频生成、基于空间的动作预测及双阶段空间反馈优化，实现了视觉规划到动作执行的有效衔接。实验证明，SP在多样任务中显著优于现有方法，成功率达到86.7%，提升了机器人操作的实用性和可靠性。
Active Prostate Phantom with Multiple Chambers,具有多腔室的主动前列腺模型,21 Aug 2025,Other,Other,http://arxiv.org/pdf/2508.15873v1,http://arxiv.org/abs/2508.15873v1,2508.15873v1,本文提出了一种具有多个独立气动腔室的前列腺仿真模型，能够通过精确调节体积，模拟不同类型的良性前列腺增生。该模型基于磁共振成像数据设计，采用有限元方法建模，并通过三维重建验证。实验结果显示模型在正向和逆向模拟中误差均较低，表明其具备良好的仿真精度。该仿真模型为机器人辅助手术系统的验证及医学培训提供了一个动态且逼真的平台，有助于提升诊断和治疗的效果。
CARFT: Boosting LLM Reasoning via Contrastive Learning with Annotated Chain-of-Thought-based Reinforced Fine-Tuning,CARFT：通过带注释链式思维的对比学习强化微调提升大语言模型推理能力,21 Aug 2025,LLM,Other,http://arxiv.org/pdf/2508.15868v1,http://arxiv.org/abs/2508.15868v1,2508.15868v1,本文提出了一种名为CARFT的新方法，通过结合对比学习和带注释思维链的强化微调，提升大型语言模型的推理能力。该方法有效利用已有的思维链注释，稳定训练过程，避免模型崩溃和性能下降问题。实验结果显示，CARFT在多个模型和数据集上均显著提升了推理性能和训练效率，表现出更强的鲁棒性和泛化能力。该研究为改进语言模型的推理表现提供了新的思路和实用方案。
